ticker,date,close,open,high,low,volume,pct_chg,open_to_close,gap_pct,intraday_range_pct,rel_vol_20_t1,rel_vol_50_t1,vol_5d_over_20_t1,intraday_range_pct_t1,close_vs_ma20_t1,close_vs_ma50_t1,close_vs_ma200_t1,prox_52w_high_t1,prox_52w_low_t1,ret_3d_t1,ret_5d_t1,ret_10d_t1,ret_20d_t1,atr_5_pct_t1,atr_20_pct_t1,atr_5_over_20_t1,boll_width_t1,consec_up_t1,consec_dn_t1,consol_range_10_t1,close_t1,price_bucket_t1,t1_close_pct,t1_open_gap_pct,t2_close_pct,t3_close_pct,t4_close_pct,t5_close_pct,fwd_5d_close_pct,fwd_5d_max_pct,dow,rel_vol_today,cont_score
XGN,2026-05-11,3.9800000190734863,3.359999895095825,4.130000114440918,3.0799999237060547,6215600.0,0.3491525270308069,0.18452385218303083,0.13898299687623175,0.35593226229243746,0.983477211547387,0.8320767756730437,1.1305114638447973,0.05782315407662513,1.004768412201688,0.974047433029275,0.47313783199900666,0.2466555215948624,1.1132075251018767,-0.045307401415650816,-0.03594767880809413,0.09259259095734862,-0.026402615333808388,0.06101695463185465,0.059423728564250614,1.0268112773482632,0.19665672612867208,1.0,0.0,0.1254236879926829,2.950000047683716,$1-5,-0.09296485482525052,0.020100483246901613,,,,,,,0,0.5518219308023502,5
DXYZ,2026-05-11,71.23999786376953,61.61000061035156,71.23999786376953,58.5,12624900.0,0.30476190210033316,0.15630574838527042,0.1283883211013828,0.2333333007290823,3.0398283265616217,3.274796701271724,1.8472755061012047,0.19655558268229167,1.6235020740140647,1.8375052431995826,1.927817519431815,1.0,2.622478351317866,0.42372883041874543,0.5730337053954613,0.854619479743459,0.9499999455043249,0.10377290338014325,0.047655681572538425,2.1775557489863364,0.802974807723411,3.0,0.0,0.46538459066271076,54.599998474121094,$50-200,-0.22136580731023248,-0.17567377547625085,,,,,,,0,1.368355416687305,4
SOWG,2026-05-11,1.7100000381469727,1.5299999713897705,1.8600000143051147,1.4700000286102295,437400.0,0.17931033235384408,0.11764710465562929,0.055172359362228675,0.2689654985307661,0.4143728593259368,0.9157999989395723,2.8918688738523834,0.2314049277374984,0.5795363917839328,0.29935175854800883,0.17574596190381886,0.09764309834584713,1.2831858883207283,0.043165512666415884,-0.13173647608051264,-0.18539321854505464,-0.7456140182098261,0.1765517308283927,0.3165517283619937,0.5577342184860745,2.2405738325856652,2.0,0.0,0.434482741044053,1.4500000476837158,$1-5,-0.017543912239656678,0.005847947508874407,,,,,,,0,0.5200933005050696,4
MRAM,2026-05-11,39.86000061035156,36.10200119018555,44.66999816894531,33.65999984741211,27873900.0,0.47684331042512684,0.10409393652082757,0.3376065763741903,0.407928803812549,2.6834124805700315,5.294068946407119,1.6616723261579833,0.27801020356135947,1.7356913089313424,2.271292829865073,2.5235090450705946,1.0,3.9749631697718666,0.4167979449894601,0.25593299481518916,0.9182658391276788,1.6306042075068854,0.12269731465238799,0.07233791122920953,1.69616889079932,1.1679037923657496,1.0,0.0,0.5279733279304745,26.989999771118164,$20-50,-0.0341194327528026,-0.08517311605063038,,,,,,,0,1.489874082097787,4
BW,2026-05-11,18.90999984741211,16.700000762939453,18.989999771118164,15.5600004196167,9175400.0,0.30055019924512805,0.13233526847358437,0.14855576387574818,0.2359009188789801,0.8860545845259742,0.5720269583515127,0.9481873308915009,0.05384095540171666,0.9089204132587878,0.9824191485522653,1.672732587093922,0.7889310754796728,5.3065693106735905,-0.05950841358498571,0.03340442624186424,0.0027586180588294873,-0.16628443138756432,0.08303989920174049,0.09290921827237372,0.8937745978908118,0.3650415433236508,0.0,2.0,0.10935351834658846,14.539999961853027,$5-20,0.022739307702037248,-0.024325705350844218,,,,,,,0,1.6011922472516973,4
CGTL,2026-05-11,1.649999976158142,1.0800000429153442,1.7000000476837158,1.059999942779541,3115200.0,0.49999994581396057,0.5277776949935522,-0.018181800448205245,0.5818182645750422,0.7588438790313581,0.12366784272360237,1.6703492913737306,0.06422022964083117,0.9361702283079563,0.8930891309441017,0.7789365404546575,0.2115384738826192,2.528735673133063,0.01851850012202405,-0.03508768627628134,-0.05982900496613697,-0.11290321340173892,0.1100000010837208,0.0778181915322609,1.4135512393412324,0.18265809983025688,1.0,0.0,0.10909091106131052,1.100000023841858,$1-5,-0.5696363603654971,-0.15151515370448654,,,,,,,0,0.6997591275976807,4
BTBT,2026-05-11,2.1500000953674316,1.8650000095367432,2.200000047683716,1.809999942779541,59157300.0,0.194444529068325,0.15281505864521744,0.03611114385687361,0.21666673068647202,1.2850160214472224,1.3917936970186355,1.3493993653452123,0.057377058257448155,1.1155872079514155,1.1479591588485445,0.7850392998722714,0.42654029426729845,1.4229248795821248,0.005586586970037999,0.1464967466115521,0.11111107840623058,0.3138685737600515,0.07611112001501506,0.06277777586454222,1.2123895593122425,0.32871775549107407,0.0,2.0,0.26666661809991776,1.7999999523162842,$1-5,-0.08604653664315975,-0.03813954117621754,,,,,,,0,6.746236316972559,4
WYFI,2026-05-11,26.979999542236328,23.489999771118164,29.0,22.75,4895400.0,0.26964703728170947,0.14857385292141423,0.10541175393497243,0.29411764705882354,1.162664541056384,1.2123604896541853,1.5099139792088745,0.08441813783151585,1.2415283955915062,1.370039649548444,1.0372262498628806,0.5430615747494929,1.9712430915008066,0.08640084765851985,0.27627630551716353,0.28398797459849434,0.4655172413793103,0.09621646656709558,0.06814822926240809,1.4118703832583732,0.4564878350183724,1.0,0.0,0.29176474178538603,21.25,$20-50,-0.05022237083863246,-0.01223127981115979,,,,,,,0,0.3881143888870817,4
LXRX,2026-05-11,2.309999942779541,2.009999990463257,2.4700000286102295,2.0,13954600.0,0.1549999713897705,0.14925370832819823,0.004999995231628418,0.23500001430511475,3.3460781182213872,2.872443174842232,1.6149771881063506,0.2142857294909813,1.157742399918721,1.1966016522661456,1.3820252974863507,1.0,1.8348623291329011,0.2121212296358923,0.22699386862009985,0.19047622764462102,0.16279067833272776,0.07499998807907104,0.054500001668930056,1.376146528117041,0.27261670004647964,2.0,0.0,0.2250000238418579,2.0,$1-5,0.025974001846660322,-0.0021644485481340237,,,,,,,0,1.613003341110571,3
QVCPQ,2026-05-11,7.360000133514404,5.690000057220459,7.699999809265137,5.619999885559082,1468900.0,0.2867133572513305,0.2934973742530564,-0.005244708753771869,0.36363636363636365,0.26875344219976416,0.6400496975978421,0.3906081585625036,0.5542169006941255,1.7710074322349045,1.6151712607490978,1.2722488031725925,0.6434195241047342,3.177777745399945,0.30892447139271595,0.43863171244081434,1.3636362024217021,1.1107009998799988,0.25667833389422834,0.19598777206499424,1.3096650428227108,1.3337065477387018,2.0,0.0,0.62237759352115,5.71999979019165,$5-20,-0.09375000607384276,-0.008152165990639837,,,,,,,0,0.06733117758053762,3
ASPI,2026-05-11,6.21999979019165,5.619999885559082,6.5,5.510000228881836,9776700.0,0.15613376540569535,0.1067615510410068,0.044609621935501484,0.18401482343110387,0.6115228877119845,0.536495008300347,0.7396059119504776,0.04315197417743352,1.0187464723102124,1.0664869571151872,0.7821386721330622,0.38291815241317273,1.321867294232766,0.04873294238264281,0.04466019705133162,0.00560751595198572,0.2008928775749339,0.06208176817595964,0.08903345021456785,0.6972858855446409,0.15375963821798352,1.0,0.0,0.13197026450635213,5.380000114440918,$5-20,-0.045016035758188355,-0.03697749627518876,,,,,,,0,2.0339076772925986,3
BEEP,2026-05-11,2.2200000286102295,1.8200000524520874,2.2799999713897705,1.7599999904632568,179800.0,0.22651939159791823,0.21978020034627022,0.005524922645682318,0.2872928162240555,0.7655677655677655,0.6881791241356602,1.156043956043956,0.021505419760580322,0.9038701347987692,0.7876071290327721,0.6329677122455667,0.4852546738670356,1.0,-0.037234070547677245,-0.010929016211355558,-0.1772727711141593,-0.16203709682564438,0.07370167907277564,0.0881491966874306,0.8361015396897534,0.2671199796051509,0.0,1.0,0.18784539410855816,1.809999942779541,$1-5,-0.12162161146256367,-0.03153150105435787,,,,,,,0,0.007575649368610916,3
AMPG,2026-05-11,2.680000066757202,2.2100000381469727,2.700000047683716,2.200000047683716,1774400.0,0.21818182212262105,0.21266969253281653,0.004545450112051311,0.2272727223467237,1.3298223874432054,1.2094698919197118,1.3358529533250723,0.06074771405057437,1.0786957831533046,0.9786477134416198,0.7195599549621857,0.46511628727533333,1.2500000338662756,-0.03083697525593232,0.07317077992999343,0.12820512507010418,0.19565217813832536,0.07318184433889725,0.06161364237582375,1.187753905093147,0.2425095372900024,1.0,0.0,0.19999996748837628,2.200000047683716,$1-5,0.007462679264300887,-0.011194018896451219,,,,,,,0,0.10184122319665732,3
AERG,2026-05-11,1.5800000429153442,1.2899999618530273,1.6200000047683716,1.2799999713897705,167700.0,0.1879699187467716,0.22480627103720588,-0.030075247948591937,0.2556391145923011,0.45930701047542305,0.3982274387687886,0.6324392770806953,0.07352942852206691,1.0281385574101123,1.0499060931594502,0.8644664976610823,0.6186046436840038,1.3571428745203042,0.023076993614966845,-0.019896794798644812,-0.014814800424667651,0.2090909218985184,0.061654146255811115,0.07477443451999753,0.824535105502168,0.39541993176148243,0.0,2.0,0.08270677500430453,1.3300000429153442,$1-5,-0.08227847575988567,-0.01265829088137238,,,,,,,0,0.02682345941052369,3
AEHL,2026-05-11,1.4299999475479126,1.1699999570846558,1.690000057220459,1.059999942779541,50644400.0,0.19166657560401856,0.2222222222222222,-0.025000074505803008,0.525000074505803,19.704620016116195,47.18394990363274,3.945211057322535,4.470588145921523,1.8691589565961806,0.912131386035024,0.13055175099460284,0.046189379092668806,2.4489796414865834,1.4000000953674316,1.352941313966888,1.3076924840374171,0.11111111111111116,0.4066666252745539,0.15499998758236616,2.623655857123559,1.1650293247939005,2.0,0.0,0.5916666749450892,1.2000000476837158,$1-5,0.594335774567389,-0.14335659526252265,,,,,,,0,7.9840396769774875,3
AAOI,2026-05-11,184.89999389648438,152.25999450683594,190.9600067138672,150.5399932861328,16518400.0,0.2414394445120609,0.2143701600369033,0.022290801739014265,0.2713845358209646,1.973756202837537,1.6016068328318533,1.1882204980508082,0.21770867906927102,0.9472897698994216,1.1880793391545326,2.4230792906474705,0.81161793308134,7.641867839430015,-0.17516754499555343,-0.18838206691866,-0.08158103149114138,-0.0110226002312932,0.150637807947028,0.12786153514848786,1.1781323270684154,0.34576576838386375,0.0,3.0,0.3105277241968287,148.94000244140625,$50-200,-0.010762521904079114,-0.0373174371241316,,,,,,,0,,3
TH,2026-05-11,18.079999923706055,16.28499984741211,18.229999542236328,15.699999809265137,5034600.0,0.17938682411520723,0.11022413835510066,0.06229614667050708,0.1650358607672817,0.6266395637901908,0.7831488678027546,0.8559381395157192,0.028449994813733184,1.0324622858432158,1.2826519859283094,1.7114236968968186,0.9641509617295886,2.464630295949529,-0.020447265343401355,0.04427790224916417,0.07578946833024935,0.06016596703070065,0.03574691113410104,0.04198304537511501,0.8514606507151965,0.15492821010184651,1.0,0.0,0.104370540732718,15.329999923706055,$5-20,-0.024889422833980435,0.0,,,,,,,0,0.5310974481693813,3
ELTX,2026-05-11,11.609999656677246,10.199999809265137,12.800000190734863,10.199999809265137,335200.0,0.17154387845011665,0.13823528174298008,0.029263366934234387,0.26236129379443823,0.8268165206114669,0.7808788598574822,0.8478799072582229,0.06293697765848857,0.8770687554196496,0.8747771047449014,1.0140653675764548,0.7160404435081653,1.3143235938394662,-0.06421154819432262,-0.0781395490779433,-0.15226687740503986,-0.02364529853577635,0.06853683069095294,0.08685671731245143,0.789079219335495,0.33450251507103396,0.0,4.0,0.14631683467117193,9.90999984741211,$5-20,-0.07924204164509396,0.03359176183079837,,,,,,,0,0.01182982061215203,3
ALMU,2026-05-11,28.18000030517578,23.93000030517578,30.200000762939453,23.5,2053400.0,0.1544449193498605,0.17760133496867422,-0.019664053471397974,0.2744777060557733,0.46806934756630664,0.8401219204666308,0.7995204770794916,0.05632041802844758,1.1999950792013236,1.4706059449854951,1.47180380403621,0.8587511170655133,2.2749301853487887,-0.10831050785709184,-0.04573886160217133,0.27102316815326644,1.2685872981574056,0.1596149202953304,0.13571076866697349,1.1761404187976883,0.8083126587069681,1.0,0.0,0.3897992400297862,24.40999984741211,$20-50,-0.03754079005113964,-0.03415541547575829,,,,,,,0,0.323008665107781,2
AGPU,2026-05-11,6.659999847412109,5.550000190734863,6.769999980926514,5.309999942779541,512800.0,0.1746031318865966,0.1999999312667183,-0.021164000695660833,0.25749559409199607,0.05167806107119702,0.05876328107692883,0.07320109850142056,0.07035169417372863,1.0561609682182855,1.6125362906124365,0.8892426976860212,0.3150000042385525,4.021276745048608,0.04419894208887176,0.027173930414082115,-0.14608430868915812,0.4246231279199537,0.09566137060658059,0.17895941771035417,0.5345422544982155,1.0457076678848594,0.0,1.0,0.25749559409199607,5.670000076293945,$5-20,0.015015072636763493,-0.009009000623754537,,,,,,,0,0.026034967510030888,2
LICN,2026-05-11,8.020000457763672,6.639999866485596,8.399999618530273,6.639999866485596,65900.0,0.16569772156397589,0.20783141852809703,-0.03488375638999901,0.255813913193183,2.4520795660036168,2.2707989103737773,0.9948161543098252,0.1414141657400854,1.3086067728389907,1.5608410529948795,1.809034680342925,1.0,2.4397164103934608,0.5816092563850415,0.49565222979944124,0.20701760432653615,1.1567398091007135,0.11598837737169303,0.12234739235921141,0.9480249242350148,0.6831185969150698,4.0,0.0,0.4404069999139198,6.880000114440918,$5-20,0.10972557488007717,0.01371566713200889,,,,,,,0,0.05300130122617988,2
CLFD,2026-05-11,46.72999954223633,40.5,46.75,39.72999954223633,877700.0,0.16708287896453644,0.15382714919102045,0.01148848836050527,0.1753246827484798,4.1488100665633265,5.468684270621748,1.8713412966171241,0.0970925373881525,1.3187320103416773,1.3649783115998684,1.2829570470641336,1.0,1.5400000352125902,0.343173486509875,0.36051649678323683,0.32714619868326555,0.4742268461147463,0.07527471250197451,0.05221028546777581,1.4417602169295562,0.41711102232971903,4.0,0.0,0.303946048901674,40.040000915527344,$20-50,-0.06120266720239509,-0.023539449708893656,,,,,,,0,0.06953841159800879,2
BZH,2026-05-11,25.15999984741211,25.299999237060547,25.600000381469727,24.100000381469727,5545500.0,0.3404368265215145,-0.005533572880245793,0.3478955045307912,0.07991475564293703,0.8204551195205401,0.8585145032005075,1.4381042044593446,0.04401501512415939,0.8895102526780265,0.8923138574236986,0.8314005178037553,0.6768842685761521,1.0410426923425615,0.02288828706064061,-0.09015990201978341,-0.16391982984921494,-0.13462425100953612,0.06627596336346138,0.05490144383341093,1.2071806993740362,0.312797376978852,1.0,0.0,0.23601482630730608,18.770000457763672,$5-20,-0.053656613261410024,-0.01987281411098374,,,,,,,0,0.04569057872757291,2
SOHOO,2026-05-11,18.59000015258789,18.59000015258789,18.59000015258789,18.59000015258789,100.0,0.463779561557613,0.0,0.463779561557613,0.0,0.2597402597402597,0.0495785820525533,0.1038961038961039,0.0,0.8994493530780511,0.8045918680279271,0.7974432972997847,0.6645734905097681,1.2985685231104644,0.15454543720592162,0.15454543720592162,-0.3315789574070981,-0.21894221214666687,0.028661427965861463,0.11149606721977275,0.257062232602036,0.925660946732962,0.0,1.0,0.23464571186344585,12.699999809265137,$5-20,-0.16621840383135955,-0.16621840383135955,,,,,,,0,6.900798237414676e-06,2
