rank,ticker,price,er_date,er_hour,beat_last_q,sp_last_q,beat_prev_q,sp_prev_q,insider_buys_60d
1,CLIR,4.550000190734863,2026-05-13,,True,80.3922,True,26.4706,1
2,VTGDF,9.999999747378752e-05,2026-05-13,,True,1807.3171,True,88.6792,0
3,LAC,5.574999809265137,2026-05-13,,True,1265.0485,True,28.401,0
4,ELUT,1.090000033378601,2026-05-14,amc,True,1136.4146,True,43.074,0
5,JTAI,6.300000190734863,2026-05-14,,True,842.6471,True,14.9366,0
6,SPCB,11.199999809265137,2026-05-14,bmo,True,778.733,True,219.3521,0
7,EPSN,6.019999980926514,2026-05-13,amc,True,414.7059,True,194.1176,0
8,SPRO,2.5350000858306885,2026-05-13,amc,True,359.8039,True,49.0196,0
9,BCHT,1.3199000358581543,2026-05-13,amc,True,328.7582,True,198.0392,0
10,TRAW,1.7899999618530273,2026-05-13,,True,150.4606,True,1082.0347,0
11,XTNT,0.5019999742507935,2026-05-13,bmo,True,100,True,296.0784,0
12,BNGO,1.2599999904632568,2026-05-13,amc,True,97.8992,True,18.3862,0
13,ISSC,21.25,2026-05-14,bmo,True,96.0784,True,200.8204,0
14,AIRI,3.0199999809265137,2026-05-14,,True,95.5437,True,28.1046,0
15,DARE,2.575000047683716,2026-05-14,amc,True,95.4669,True,23.0346,0
16,SCYX,0.7750999927520752,2026-05-13,,True,87.3452,True,16.6667,0
17,NMAX,6.409999847412109,2026-05-14,amc,True,78.2135,True,57.9832,0
18,TGL,4.177499771118164,2026-05-13,,True,67.1853,True,50.495,0
19,SUNE,1.4950000047683716,2026-05-13,,True,66.2309,True,21.5686,0
20,EWCZ,5.820000171661377,2026-05-14,,True,63.3987,True,91.4242,0
21,IVVD,1.4850000143051147,2026-05-14,bmo,True,55.2072,True,26.4706,0
22,MRKR,1.440000057220459,2026-05-13,,True,55.1346,True,73.8562,0
23,BCLI,0.6600000262260437,2026-05-13,,True,54.4004,True,49.6555,0
24,PEW,3.309999942779541,2026-05-13,amc,True,48.5149,True,98.0198,0
25,CDIO,1.8200000524520874,2026-05-13,,True,47.1678,True,83.6601,0
26,EGAN,6.900000095367432,2026-05-14,amc,True,47.0588,True,58.7302,0
27,ARX,13.359999656677246,2026-05-13,amc,True,45.6618,True,73.3333,0
28,GILT,19.549999237060547,2026-05-13,bmo,True,43.472,True,86.2745,0
29,KRNT,16.15999984741211,2026-05-13,bmo,True,41.9558,True,298.2301,0
30,GOTU,1.9450000524520874,2026-05-13,,True,41.9027,True,37.2108,0
31,CVU,3.833899974822998,2026-05-13,,True,41.4427,True,81.5182,0
32,NNE,27.040000915527344,2026-05-14,amc,True,39.3939,True,38.8281,0
33,IXHL,3.8901000022888184,2026-05-13,,True,36.5012,True,36.5012,0
34,BCAB,4.630000114440918,2026-05-13,,True,34.6405,True,10.7745,0
35,IPWR,5.480000019073486,2026-05-14,bmo,True,33.5863,True,7.7278,0
36,TBRG,25.864999771118164,2026-05-13,,True,29.0007,True,83.5628,0
37,IMUX,11.770000457763672,2026-05-13,bmo,True,27.0909,True,23.9099,0
38,INLX,7.300000190734863,2026-05-14,,True,26.4706,True,21.5686,0
39,TLPH,0.8503000140190125,2026-05-13,,True,26.4706,True,22.9692,0
40,ICU,4.869999885559082,2026-05-13,amc,True,25.2755,True,14.1914,0
41,FGI,5.849999904632568,2026-05-13,,True,24.4398,True,60.8911,0
42,PDSB,1.125,2026-05-13,bmo,True,24.3602,True,12.6838,0
43,AVAH,6.824999809265137,2026-05-14,bmo,True,23.4568,True,51.8219,0
44,LTRN,2.0799999237060547,2026-05-13,,True,23.2737,True,18.6483,0
45,ALLO,2.2950000762939453,2026-05-13,amc,True,22.9724,True,16.5569,0
46,NNVC,1.5052000284194946,2026-05-13,,True,22.9692,True,45.5338,0
47,MGNX,3.505000114440918,2026-05-13,,True,22.4022,True,153.8385,0
48,ENVX,6.885000228881836,2026-05-13,amc,True,22.1357,True,12.3905,0
49,FIG,19.260000228881836,2026-05-14,amc,True,20.8459,True,114.1328,0
50,LIDR,2.1449999809265137,2026-05-13,amc,True,20.5087,True,29.078,0
51,CPRX,31.155000686645508,2026-05-13,,True,19.6382,True,24.0402,0
52,RSKD,4.574999809265137,2026-05-13,bmo,True,19.2843,True,32.4503,0
53,CABA,3.5850000381469727,2026-05-13,bmo,True,15.6296,True,8.5999,0
54,SBC,3.308000087738037,2026-05-14,bmo,True,15.5116,True,8.0108,0
55,MNRO,16.2450008392334,2026-05-14,bmo,True,15.3569,True,15.894,0
56,MLSS,0.36880001425743103,2026-05-13,,True,15.0327,True,34.6405,0
57,VKSC,6.0,2026-05-13,,True,12.7885,True,2.5641,0
58,TNGX,23.639999389648438,2026-05-13,,True,11.152,True,360.223,0
59,LGCY,11.880000114440918,2026-05-14,amc,True,10.2941,True,5.7502,0
60,MTNB,0.6100000143051147,2026-05-13,,True,9.6717,True,21.0111,0
61,SPCE,2.802299976348877,2026-05-14,amc,True,7.1706,True,25.724,0
62,STNE,10.395000457763672,2026-05-14,amc,True,7.1335,True,10.0077,0
63,KARO,48.400001525878906,2026-05-13,amc,True,7.0503,True,0.136,0
64,INVE,4.900000095367432,2026-05-13,amc,True,5.8824,True,32.1267,0
65,DT,39.06999969482422,2026-05-13,bmo,True,3.6514,True,4.4386,0
66,HUMA,0.932200014591217,2026-05-13,bmo,True,3.2018,True,31.8885,0
67,BIRK,38.04999923706055,2026-05-13,bmo,True,2.1953,True,39.3443,0
68,WWW,15.9399995803833,2026-05-14,bmo,True,2.1103,True,5.1367,0
69,YETI,39.625,2026-05-14,bmo,True,2.0974,True,2.3834,0
70,BLIN,0.9398999810218811,2026-05-14,,True,1.9608,True,1.9608,0
71,LUCD,1.0549999475479126,2026-05-14,bmo,True,1.9608,True,11.032,0
72,MRMD,0.08479999750852585,2026-05-13,amc,True,1.9608,True,1.9608,0
73,RNXT,0.8820000290870667,2026-05-14,amc,True,1.9608,True,1.9608,0
74,ZSQR,11.720000267028809,2026-05-14,,True,1.9608,True,12.854,0
75,JCAP,19.239999771118164,2026-05-14,amc,True,1.8751,True,17.0145,0
76,CLBT,12.760000228881836,2026-05-14,bmo,True,1.3025,True,9.5462,0
77,DOCS,26.280000686645508,2026-05-13,amc,True,1.2101,True,16.3994,0
78,DLO,12.720000267028809,2026-05-14,amc,True,1.1804,True,4.551,0
79,CODX,1.7401000261306763,2026-05-14,amc,True,0.8715,True,1.9608,0
80,KLC,4.130000114440918,2026-05-14,amc,True,32.4503,False,-1.0654,2
81,VSNT,40.20000076293945,2026-05-14,bmo,True,26.3993,,,1
82,ALT,3.065000057220459,2026-05-13,bmo,False,-10.1591,True,26.1344,3
83,HFFG,2.125,2026-05-13,,False,-38.7255,True,96.0784,2
84,SCM,9.359999656677246,2026-05-13,,False,-41.4253,True,2.3018,2
85,GAMB,4.325900077819824,2026-05-14,amc,False,-323.1604,False,-162.461,2
86,SPRU,3.059999942779541,2026-05-13,amc,,,,,2
87,BEAT,0.9401999711990356,2026-05-13,amc,False,-0.7194,False,-13.7225,1
88,ACOG,5.804999828338623,2026-05-14,amc,False,-12.5635,True,81.7601,1
89,GO,8.015000343322754,2026-05-13,amc,False,-13.0833,True,8.0803,1
90,ATRA,9.574999809265137,2026-05-13,,False,-43.0206,True,63.5203,1
91,STAA,28.06999969482422,2026-05-13,amc,False,-734.6484,True,9.2896,1
92,GAME,0.44510000944137573,2026-05-13,,False,-782.3529,,,1
93,ADTX,0.08550000190734863,2026-05-13,,,,False,-21.0937,1
94,POCI,4.460000038146973,2026-05-13,amc,,,,,1
95,DFDV,4.730299949645996,2026-05-13,amc,True,1980.5704,False,-173.6928,0
96,SBDS,5.0,2026-05-14,bmo,True,780.7212,False,-10258.8517,0
97,BTDR,12.774999618530273,2026-05-14,bmo,True,581.3478,False,-37.9811,0
98,OVID,2.8299999237060547,2026-05-13,,True,149.4234,False,-11.1838,0
99,EYE,21.31999969482422,2026-05-13,,True,146.3054,False,-1.5152,0
100,BFRI,1.0599000453948975,2026-05-14,,True,142.8356,False,-4.8005,0
101,HIT,1.5149999856948853,2026-05-13,amc,True,109.901,False,-0.9901,0
102,BGDE,6.176000118255615,2026-05-13,,True,108.1699,False,-226.7974,0
103,GNE,14.239999771118164,2026-05-14,,True,98.0198,False,-54.0311,0
104,DWTX,1.7050000429153442,2026-05-14,bmo,True,94.0838,False,-556.2625,0
105,CV,7.125,2026-05-14,amc,True,86.6042,False,-31.9876,0
106,BZAI,1.7000000476837158,2026-05-14,amc,True,85.2941,False,-34.2642,0
107,TK,13.420000076293945,2026-05-13,amc,True,85.0635,,,0
108,WKHS,3.4000000953674316,2026-05-14,,True,77.2567,False,-14.9425,0
109,ESOA,19.100000381469727,2026-05-13,,True,74.2919,False,-35.5005,0
110,BPTH,0.03700000047683716,2026-05-13,,True,73.0392,False,-34.8039,0
111,CAAP,24.760000228881836,2026-05-13,,True,71.6398,False,-24.0054,0
112,BCDA,1.1198999881744385,2026-05-13,,True,65.3979,False,-2.3018,0
113,BEEM,1.6950000524520874,2026-05-14,,True,65.2605,False,-12.495,0
114,PXHI,1.059999942779541,2026-05-13,,True,59.6309,False,-15.3403,0
115,PTHS,27.139999389648438,2026-05-14,bmo,True,51.8112,False,-1108.3903,0
116,BRFH,2.4100000858306885,2026-05-14,amc,True,50.9804,False,-96.0784,0
117,ADGM,0.9200000166893005,2026-05-14,,True,49.3991,,,0
118,SANW,0.03370000049471855,2026-05-13,,True,48.7318,False,-684.3137,0
119,VTVT,32.07500076293945,2026-05-13,,True,47.7383,False,-8.0432,0
120,SDST,2.259999990463257,2026-05-14,amc,True,46.5241,False,-27.451,0
121,BNZI,4.860000133514404,2026-05-13,,True,45.8759,False,-51.8027,0
122,LGVN,0.7558000087738037,2026-05-13,amc,True,45.665,False,-49.9423,0
123,YCBD,0.7864999771118164,2026-05-13,,True,34.6405,False,-138.0952,0
124,GRTX,0.10499999672174454,2026-05-13,,True,30.9154,False,-24.3846,0
125,HTFL,29.635000228881836,2026-05-14,amc,True,30.3136,False,-55.9715,0
126,EQPT,24.3700008392334,2026-05-13,amc,True,28.4797,,,0
127,SNAL,0.5300999879837036,2026-05-13,,True,26.4706,False,-292.1569,0
128,ATYR,0.550000011920929,2026-05-13,,True,25.2935,False,-38.8147,0
129,BTGO,11.779999732971191,2026-05-13,amc,True,24.8264,,,0
130,PSFE,8.8149995803833,2026-05-13,bmo,True,24.123,False,-6.6169,0
131,CMMB,1.7920000553131104,2026-05-13,,True,24.0987,False,-1272.549,0
132,GENK,2.0910000801086426,2026-05-14,,True,23.7473,False,-365.6863,0
133,RCMT,30.260000228881836,2026-05-13,,True,21.7584,False,-7.4686,0
134,DERM,4.954999923706055,2026-05-13,amc,True,21.6354,False,-85.567,0
135,ALMU,27.064300537109375,2026-05-13,amc,True,21.5686,False,-17.6471,0
136,REE,0.4099999964237213,2026-05-13,amc,True,18.7652,False,-9.6105,0
137,PGEN,4.070099830627441,2026-05-13,,True,17.6471,False,-993.9112,0
138,PYXS,2.569999933242798,2026-05-13,bmo,True,15.5504,False,-1.3611,0
139,KYIV,14.010000228881836,2026-05-13,bmo,True,15.1572,False,-6.2234,0
140,OLB,0.4512999951839447,2026-05-13,,True,15.1344,,,0
141,BLSH,42.06999969482422,2026-05-14,bmo,True,14.3713,False,-0.8097,0
142,QTI,7.28000020980835,2026-05-13,amc,True,13.9415,,,0
143,CLRO,3.299999952316284,2026-05-13,,True,13.7255,False,-352.1008,0
144,SEER,1.8300000429153442,2026-05-13,amc,True,11.152,False,-4.5752,0
145,CSWC,23.774999618530273,2026-05-13,amc,True,10.9185,False,-1.3841,0
146,BYSI,1.399999976158142,2026-05-13,,True,10.8801,False,-22.8758,0
147,AVBP,29.239999771118164,2026-05-13,,True,9.7536,False,-3.0928,0
148,GLBE,29.65999984741211,2026-05-13,bmo,True,9.0343,False,-6.1662,0
149,RLX,2.1700000762939453,2026-05-14,,True,7.6195,False,-5.4905,0
150,SEPN,24.389999389648438,2026-05-14,,True,7.2643,False,-111.1125,0
151,ATHR,3.7799999713897705,2026-05-14,,True,1.9608,,,0
152,IMSR,7.245999813079834,2026-05-14,bmo,True,1.9608,,,0
153,CCAP,13.180000305175781,2026-05-13,amc,True,1.1463,False,-4.1267,0
154,MNTS,5.369999885559082,2026-05-13,,True,0.4397,False,-15.3403,0
155,SLDB,7.614999771118164,2026-05-13,,False,-0.1512,False,-7.2626,0
156,PAVM,6.380000114440918,2026-05-14,,False,-0.2179,False,-67.2434,0
157,FIHL,20.709999084472656,2026-05-13,amc,False,-0.6472,True,2.795,0
158,VLN,2.615000009536743,2026-05-13,bmo,False,-1.0101,True,38.5561,0
159,LIEN,9.0600004196167,2026-05-14,bmo,False,-1.6931,True,18.3099,0
160,TRAK,9.399999618530273,2026-05-14,amc,False,-1.9608,False,-11.7647,0
161,ABEO,5.675000190734863,2026-05-13,bmo,False,-1.9846,True,66.1934,0
162,GLOB,36.119998931884766,2026-05-14,amc,False,-2.073,False,-2.8263,0
163,ZIVO,3.5,2026-05-13,,False,-2.8216,False,-111.1614,0
164,RANI,1.1050000190734863,2026-05-13,amc,False,-2.9412,True,4.6105,0
165,EHAB,13.78499984741211,2026-05-13,amc,False,-3.1142,True,38.8889,0
166,GDEV,16.79990005493164,2026-05-14,,False,-3.2018,True,211.8356,0
167,RDNW,7.875,2026-05-14,amc,False,-4.1667,True,12.5596,0
168,NU,13.390000343322754,2026-05-14,,False,-4.4266,True,3.5954,0
169,SDEV,1.7350000143051147,2026-05-13,,False,-6.0752,False,-9.6439,0
170,JACK,13.609999656677246,2026-05-13,amc,False,-6.0856,False,-33.8333,0
171,TCRT,2.5799999237060547,2026-05-13,,False,-6.7538,False,-12.0448,0
172,SMWB,3.0850000381469727,2026-05-13,bmo,False,-6.8323,True,93.7984,0
173,EVI,17.200000762939453,2026-05-13,,False,-7.1782,False,-31.9307,0
174,FLNG,32.93000030517578,2026-05-13,bmo,False,-7.8637,True,6.5308,0
175,KPTI,8.899999618530273,2026-05-14,bmo,False,-9.1338,False,-19.633,0
176,MIST,1.9249999523162842,2026-05-13,bmo,False,-10.2941,True,28.2726,0
177,CPSS,9.835000038146973,2026-05-13,,False,-10.4859,False,-21.5686,0
178,RCEL,4.489999771118164,2026-05-14,amc,False,-10.8842,False,-58.7849,0
179,AQST,4.184999942779541,2026-05-13,amc,False,-10.9467,False,-3.5503,0
180,HRBR,1.600000023841858,2026-05-14,,False,-11.1111,True,7.4074,0
181,CHAI,1.2000000476837158,2026-05-13,,False,-12.2291,True,62.2458,0
182,FBRX,24.135000228881836,2026-05-13,,False,-12.3142,True,9.0742,0
183,GEMI,5.045000076293945,2026-05-14,amc,False,-12.7021,False,-329.9584,0
184,PHVS,31.219999313354492,2026-05-13,amc,False,-13.6902,True,12.2833,0
185,NINE,10.25,2026-05-13,amc,False,-14.3791,False,-11.4082,0
186,SI,13.210000038146973,2026-05-13,amc,False,-14.4923,False,-101.7654,0
187,VVOS,0.7163000106811523,2026-05-13,,False,-17.6471,True,5.8055,0
188,IDAI,2.2699999809265137,2026-05-13,,False,-18.3232,False,-24.2997,0
189,CYN,1.6799999475479126,2026-05-13,amc,False,-18.8119,True,2.4355,0
190,SPIR,17.60890007019043,2026-05-13,amc,False,-18.8986,False,-26.5022,0
191,LESL,1.4450000524520874,2026-05-13,amc,False,-20.3049,False,-93.2341,0
192,VINC,0.013000000268220901,2026-05-13,,False,-21.1073,True,23.0787,0
193,JAGX,3.240000009536743,2026-05-13,,False,-21.1981,False,-41.0775,0
194,PYPD,4.510200023651123,2026-05-13,bmo,False,-21.9875,True,30.5686,0
195,VNRX,2.3350000381469727,2026-05-13,,False,-22.3385,False,-11.4082,0
196,SIDU,3.2850000858306885,2026-05-13,,False,-22.549,False,-14.3791,0
197,BLNE,1.7899999618530273,2026-05-14,amc,False,-23.3397,True,22.3856,0
198,RPID,2.609999895095825,2026-05-13,,False,-23.348,False,-4.0416,0
199,CSTE,1.399999976158142,2026-05-13,bmo,False,-23.839,False,-35.2265,0
200,KMDA,8.40999984741211,2026-05-13,bmo,False,-24.1466,False,-4.661,0
201,OTLK,0.23149999976158142,2026-05-13,,False,-24.4344,True,26.4706,0
202,AVX,0.5103999972343445,2026-05-14,amc,False,-24.6791,False,-22.3063,0
203,AUTL,1.559999942779541,2026-05-14,bmo,False,-25.1841,False,-30.3215,0
204,FTLF,9.460000038146973,2026-05-13,,False,-25.2166,False,-56.427,0
205,ZSPC,0.15000000596046448,2026-05-14,amc,False,-25.2723,False,-30.719,0
206,YSS,31.057199478149414,2026-05-14,amc,False,-25.8134,,,0
207,DYAI,0.7060999870300293,2026-05-13,amc,False,-26.3617,False,-35.7466,0
208,WRD,7.675000190734863,2026-05-13,bmo,False,-26.3823,,,0
209,CLPT,12.585000038146973,2026-05-13,amc,False,-27.451,False,-2.9412,0
210,WKSP,0.9799000024795532,2026-05-13,amc,False,-30.1081,False,-37.8676,0
211,INVZ,0.7851999998092651,2026-05-14,bmo,False,-30.719,False,-2.3018,0
212,SPAI,4.425000190734863,2026-05-13,,False,-30.719,False,-113.9037,0
213,VUZI,2.9100000858306885,2026-05-14,amc,False,-30.719,True,11.7647,0
214,NIQ,10.305000305175781,2026-05-14,bmo,False,-31.5068,True,279.7468,0
215,XOS,1.9800000190734863,2026-05-14,amc,False,-32.0035,True,16.422,0
216,TMC,5.605000019073486,2026-05-14,amc,False,-32.0132,False,-133.8129,0
217,UCL,1.0800000429153442,2026-05-13,bmo,False,-32.0132,True,1088.1188,0
218,MDXH,1.8700000047683716,2026-05-13,amc,False,-32.2957,False,-45.1906,0
219,RGNX,10.1850004196167,2026-05-14,amc,False,-33.306,True,9.8828,0
220,CBUS,1.4249999523162842,2026-05-14,amc,False,-34.5189,True,17.5721,0
221,ETON,29.649999618530273,2026-05-14,amc,False,-34.6405,False,-176.2527,0
222,RSSS,2.619999885559082,2026-05-14,amc,False,-34.6405,False,-41.1765,0
223,NEON,1.7193000316619873,2026-05-13,,False,-35.0763,True,12.854,0
224,ABAT,3.234999895095825,2026-05-13,,False,-37.2549,False,-22.549,0
225,OMQS,0.09989999979734421,2026-05-13,,False,-39.5173,False,-134.4416,0
226,PROP,0.9896000027656555,2026-05-14,amc,False,-42.1631,False,-271.4939,0
227,AENT,7.237500190734863,2026-05-14,amc,False,-43.074,True,22.549,0
228,SSTI,6.710000038146973,2026-05-14,amc,False,-43.7908,False,-168.0067,0
229,AIV,4.284999847412109,2026-05-13,,False,-44.0144,False,-325.7426,0
230,LWAY,25.434999465942383,2026-05-14,,False,-44.9604,False,-19.4678,0
231,AEBI,11.65999984741211,2026-05-14,bmo,False,-45.132,False,-84.917,0
232,BICX,0.30799999833106995,2026-05-13,,False,-47.0588,,,0
233,CLNN,6.46999979019165,2026-05-13,,False,-47.2311,False,-43.6782,0
234,AIM,0.2913999855518341,2026-05-13,,False,-47.8895,False,-59.4257,0
235,RUM,7.985000133514404,2026-05-14,amc,False,-48.5714,False,-4.8951,0
236,BN,46.15999984741211,2026-05-14,bmo,False,-50.3126,True,7.582,0
237,VSH,33.83000183105469,2026-05-13,bmo,False,-50.495,True,8.1081,0
238,TBN,36.09000015258789,2026-05-14,,False,-51.2374,False,-63.6873,0
239,LOCL,1.4505000114440918,2026-05-13,bmo,False,-52.3379,False,-23.4007,0
240,INTZ,0.7495999932289124,2026-05-14,,False,-52.5054,False,-3.1992,0
241,SHIM,4.659999847412109,2026-05-14,amc,False,-52.5054,True,75.4902,0
242,GNLN,4.500500202178955,2026-05-13,,False,-52.7642,True,46.7359,0
243,SANA,3.325000047683716,2026-05-13,amc,False,-54.9815,True,12.8065,0
244,INV,6.730000019073486,2026-05-14,amc,False,-55.755,False,-461.0561,0
245,FLNT,2.619999885559082,2026-05-13,amc,False,-59.3137,False,-103.6199,0
246,UMAC,14.079999923706055,2026-05-14,amc,False,-60.3096,False,-205.5807,0
247,SUNS,7.400000095367432,2026-05-14,bmo,False,-60.4613,True,4.1305,0
248,CHUC,0.2849999964237213,2026-05-13,,False,-63.3987,False,-22.549,0
249,CTGO,26.97960090637207,2026-05-13,,False,-63.716,False,-171.3012,0
250,PXLW,5.755000114440918,2026-05-14,amc,False,-63.9093,True,21.3406,0
251,HYPD,3.4700000286102295,2026-05-14,bmo,False,-64.6719,True,83.3538,0
252,ONDS,9.055000305175781,2026-05-14,bmo,False,-64.9485,False,-27.9318,0
253,AYTU,2.299999952316284,2026-05-13,amc,False,-71.5686,True,189.5141,0
254,GOCO,0.8700000047683716,2026-05-13,,False,-73.3193,False,-472.149,0
255,PHGE,0.6327000260353088,2026-05-13,,False,-73.7485,True,11.152,0
256,CTSO,0.5917999744415283,2026-05-13,amc,False,-76.4706,False,-5.042,0
257,CRMD,7.569900035858154,2026-05-14,bmo,False,-78.3784,True,91.4603,0
258,GRDX,3.365000009536743,2026-05-13,,False,-80.7598,False,-113.1562,0
259,AMPG,2.694999933242798,2026-05-13,,False,-82.0728,True,89.1068,0
260,ALOY,9.1899995803833,2026-05-13,,False,-89.0756,False,-8.3591,0
261,KORE,9.154999732971191,2026-05-13,,False,-93.9925,False,-39.4336,0
262,CNSP,6.769999980926514,2026-05-13,,False,-95.5006,True,20.4079,0
263,GNSS,1.975000023841858,2026-05-14,amc,False,-96.0784,False,-17.6471,0
264,SBFM,1.0499999523162842,2026-05-13,,False,-96.0784,False,-43.2881,0
265,BNET,0.19499999284744263,2026-05-13,,False,-100,True,50.9804,0
266,UAMY,10.404999732971191,2026-05-14,amc,False,-100,False,-335.2941,0
267,AIRO,7.800000190734863,2026-05-14,bmo,False,-102.3068,False,-124.0896,0
268,RDI,1.059999942779541,2026-05-13,,False,-104.7782,False,-112.0141,0
269,CSIQ,19.3700008392334,2026-05-14,bmo,False,-105.8444,True,85.924,0
270,FBIO,2.240000009536743,2026-05-13,,False,-108.9127,True,125.6769,0
271,GWRS,7.0,2026-05-13,,False,-119.6078,False,-23.7473,0
272,CURI,2.984999895095825,2026-05-14,amc,False,-128.7582,False,-113.5231,0
273,MVIS,0.7028999924659729,2026-05-13,amc,False,-135.2941,True,18.3007,0
274,MSPR,0.03500000014901161,2026-05-13,,False,-138.2065,False,-151.1509,0
275,PIII,3.890000104904175,2026-05-14,amc,False,-138.443,False,-57.0468,0
276,VEON,49.900001525878906,2026-05-13,bmo,False,-139.2157,True,78.7064,0
277,IRD,5.039999961853027,2026-05-13,,False,-146.8085,False,-90.4037,0
278,DAIO,2.930000066757202,2026-05-14,amc,False,-148.1618,False,-54.7988,0
279,CMPS,9.425000190734863,2026-05-13,bmo,False,-148.5707,False,-261.991,0
280,BSEM,4.900000095367432,2026-05-14,amc,False,-149.0196,,,0
281,CETX,0.785099983215332,2026-05-13,,False,-152.1008,False,-1944.8179,0
282,NDRA,5.764999866485596,2026-05-13,,False,-159.8438,False,-5.5807,0
283,BKYI,3.690000057220459,2026-05-13,,False,-166.1064,False,-22.549,0
284,SCWO,2.1500000953674316,2026-05-14,,False,-194.1176,False,-47.0588,0
285,IMDX,5.050000190734863,2026-05-13,amc,False,-197.5207,False,-58.9528,0
286,FCHS,0.004000000189989805,2026-05-13,,False,-198.0392,False,-34.6405,0
287,CWD,0.9850999712944031,2026-05-13,amc,False,-214.8007,False,-330.0743,0
288,KWIK,2.180000066757202,2026-05-13,,False,-217.6471,False,-243.1373,0
289,SOS,1.1200000047683716,2026-05-13,,False,-220.032,False,-71.6172,0
290,TKMO,9.999999747378752e-05,2026-05-14,,False,-236.1345,False,-38.4083,0
291,LMFA,0.23100000619888306,2026-05-13,,False,-272.549,False,-1.7622,0
292,NN,19.7549991607666,2026-05-14,amc,False,-273.413,True,16.7822,0
293,USAR,25.43090057373047,2026-05-13,amc,False,-278.3784,False,-216.0556,0
294,RBCN,4.309999942779541,2026-05-13,,False,-285.1541,False,-6.9519,0
295,IQST,1.2894999980926514,2026-05-13,,False,-285.9497,True,25.8745,0
296,MCHX,1.5199999809265137,2026-05-13,amc,False,-292.1569,False,-100,0
297,GRI,2.2200000286102295,2026-05-13,,False,-294.5846,False,-36.2717,0
298,WYFI,25.594999313354492,2026-05-14,bmo,False,-298.0986,False,-66.8985,0
299,DSS,0.5202999711036682,2026-05-13,,False,-311.1516,True,25.9406,0
300,BDCO,3.7699999809265137,2026-05-13,,False,-316.6667,False,-26.0504,0
301,USEA,2.2964999675750732,2026-05-14,,False,-316.6667,True,217.6471,0
302,DFLI,1.9500000476837158,2026-05-14,amc,False,-324.8366,True,63.6143,0
303,KTTA,0.7839000225067139,2026-05-13,,False,-330.2832,,,0
304,ZBIO,19.350000381469727,2026-05-14,,False,-332.9582,False,-14.1681,0
305,LUNR,31.43000030517578,2026-05-14,bmo,False,-337.7565,False,-21.2121,0
306,NRXP,2.884999990463257,2026-05-13,,False,-361.5385,False,-476.7013,0
307,FENC,7.03000020980835,2026-05-14,bmo,False,-380.112,True,8.2569,0
308,EOSE,8.239999771118164,2026-05-13,bmo,False,-381.6639,False,-2038.5017,0
309,RNTX,1.100000023841858,2026-05-13,,False,-398.0848,True,14.2157,0
310,CNNE,13.430000305175781,2026-05-13,,False,-404.5752,False,-315.4204,0
311,PRE,17.565000534057617,2026-05-14,bmo,False,-404.6136,True,4.5905,0
312,KLAR,14.220000267028809,2026-05-14,bmo,False,-424.0175,True,1.8838,0
313,QCLS,4.0,2026-05-13,,False,-426.7974,,,0
314,WYY,8.175000190734863,2026-05-14,amc,False,-566.6667,False,-11.3173,0
315,RSAU,0.2290000021457672,2026-05-13,,False,-655.5556,True,100,0
316,SGLY,0.42320001125335693,2026-05-13,,False,-782.3529,False,-369.6078,0
317,PED,15.324999809265137,2026-05-14,amc,False,-786.1386,,,0
318,FRMI,5.347099781036377,2026-05-14,,False,-977.8443,False,-161.4379,0
319,USIO,1.2899999618530273,2026-05-13,amc,False,-1080.3922,False,-359.7403,0
320,STUB,7.275000095367432,2026-05-13,amc,False,-1165.8228,False,-44.7261,0
321,KULR,3.1500000953674316,2026-05-13,,False,-1174.5098,False,-96.0784,0
322,PLX,1.9199999570846558,2026-05-13,,False,-1472.549,False,-46.0432,0
323,GTBP,0.3276999890804291,2026-05-13,,False,-2056.8627,False,-103.8184,0
324,LVLU,9.260000228881836,2026-05-13,amc,False,-3429.4118,False,-86.2745,0
325,BTBT,1.9550000429153442,2026-05-14,amc,False,-3488.2353,True,9315.6863,0
326,SNYR,0.30820000171661377,2026-05-13,,False,-7158.8235,False,-1.9608,0
327,ORGN,1.2894999980926514,2026-05-13,,False,-47130.3922,False,-54.0616,0
328,AACG,1.2213000059127808,2026-05-14,,,,False,-132.5014,0
329,ADVB,5.21999979019165,2026-05-13,,,,,,0
330,AEI,1.9198999404907227,2026-05-14,,,,,,0
331,AIXI,11.6899995803833,2026-05-13,,,,,,0
332,AMST,0.8016999959945679,2026-05-13,,,,,,0
333,ANNA,3.505000114440918,2026-05-13,,,,,,0
334,ANSC,11.319999694824219,2026-05-13,,,,,,0
335,APYP,0.014800000004470348,2026-05-13,,,,,,0
336,AREB,0.12559999525547028,2026-05-13,,,,,,0
337,ASFT,0.3269999921321869,2026-05-13,,,,,,0
338,ASST,16.989999771118164,2026-05-13,,,,,,0
339,ATPC,2.2400999069213867,2026-05-13,,,,,,0
340,ATXI,0.44999998807907104,2026-05-13,,,,False,-100.2503,0
341,AUID,1.159999966621399,2026-05-14,amc,,,,,0
342,AUST,1.3344000577926636,2026-05-13,,,,False,-247.0588,0
343,AWX,2.5199999809265137,2026-05-13,,,,,,0
344,BASA,0.02199999988079071,2026-05-13,,,,,,0
345,BBLR,0.0017999999690800905,2026-05-13,,,,,,0
346,BBXIA,3.0,2026-05-13,,,,,,0
347,BCG,2.0448999404907227,2026-05-14,,,,,,0
348,BDVB,0.02800000086426735,2026-05-14,,,,,,0
349,BEAG,10.539999961853027,2026-05-13,,,,,,0
350,BKOR,31.25,2026-05-13,,,,,,0
351,BNKK,2.259999990463257,2026-05-13,,,,,,0
352,BRGX,0.008999999612569809,2026-05-13,,,,,,0
353,BRN,1.1150000095367432,2026-05-13,,,,,,0
354,BUDA,9.529999732971191,2026-05-13,,,,,,0
355,BUDZ,0.02539999969303608,2026-05-13,,,,,,0
356,BYNO,12.649999618530273,2026-05-13,,,,,,0
357,CAPC,0.12099999934434891,2026-05-13,,,,,,0
358,CATV,0.00019999999494757503,2026-05-13,,,,,,0
359,CDAQF,11.0,2026-05-13,,,,,,0
360,CENN,4.03000020980835,2026-05-13,,,,,,0
361,CFOO,0.6639000177383423,2026-05-13,,,,,,0
362,CHNR,3.9000000953674316,2026-05-13,,,,,,0
363,CISO,0.27309998869895935,2026-05-13,,,,True,41.1765,0
364,CISS,3.299999952316284,2026-05-13,,,,,,0
365,CLPR,3.0000998973846436,2026-05-14,amc,,,,,0
366,CMDB,18.424999237060547,2026-05-13,bmo,,,,,0
367,COLA,10.744999885559082,2026-05-13,,,,,,0
368,COSG,0.06499999761581421,2026-05-13,,,,,,0
369,CRKN,0.1899999976158142,2026-05-13,,,,,,0
370,CRVW,0.03700000047683716,2026-05-13,,,,,,0
371,CSAI,0.5623000264167786,2026-05-13,,,,,,0
372,CSTAF,13.050000190734863,2026-05-13,,,,,,0
373,CVAT,0.029999999329447746,2026-05-13,,,,,,0
374,CVV,7.110000133514404,2026-05-14,amc,,,,,0
375,CYBL,0.002300000051036477,2026-05-13,,,,,,0
376,DBGI,1.149999976158142,2026-05-13,,,,,,0
377,DDL,2.555000066757202,2026-05-14,,,,True,157.9468,0
378,DFNS,0.4260999858379364,2026-05-14,,,,,,0
379,DQWS,0.041999999433755875,2026-05-13,,,,,,0
380,DROR,0.006500000134110451,2026-05-13,,,,,,0
381,EAXR,1.3179999589920044,2026-05-13,,,,,,0
382,EUBG,0.3075000047683716,2026-05-13,,,,,,0
383,EURK,11.319999694824219,2026-05-13,,,,,,0
384,EVFM,0.006500000134110451,2026-05-13,,,,True,29.2832,0
385,FALC,2.990000009536743,2026-05-13,,,,,,0
386,FBYD,10.755999565124512,2026-05-14,,,,,,0
387,FKWL,3.420099973678589,2026-05-13,,,,True,154.4662,0
388,FOXX,5.050000190734863,2026-05-13,,,,,,0
389,FPS,42.33000183105469,2026-05-14,bmo,,,,,0
390,FRMM,4.434999942779541,2026-05-14,bmo,,,False,-786.2745,0
391,FWDI,4.644999980926514,2026-05-14,amc,,,,,0
392,GAMI,23.600000381469727,2026-05-13,,,,,,0
393,GBR,0.7602999806404114,2026-05-13,,,,False,-593.0693,0
394,GLNS,1.0,2026-05-13,,,,,,0
395,GMER,0.007420000154525042,2026-05-13,,,,,,0
396,GOAI,3.680000066757202,2026-05-13,,,,,,0
397,GOGY,0.01209999993443489,2026-05-13,,,,,,0
398,GROW,2.5999999046325684,2026-05-13,amc,,,,,0
399,GTCH,9.999999747378752e-05,2026-05-13,,,,,,0
400,GTHP,0.2199999988079071,2026-05-13,,,,,,0
401,HLYK,2.7100000381469727,2026-05-13,,,,,,0
402,HSPT,7.600100040435791,2026-05-14,,,,,,0
403,IBAC,10.720000267028809,2026-05-13,,,,,,0
404,ICCC,8.460000038146973,2026-05-14,amc,,,,,0
405,INFQ,12.994999885559082,2026-05-14,amc,,,,,0
406,INTG,40.349998474121094,2026-05-13,,,,,,0
407,IPSI,0.003800000064074993,2026-05-13,,,,,,0
408,IWSH,0.17000000178813934,2026-05-13,,,,,,0
409,JSDA,0.27000001072883606,2026-05-14,amc,,,,,0
410,JWSMF,11.100000381469727,2026-05-13,,,,,,0
411,KBLB,0.14000000059604645,2026-05-13,,,,,,0
412,KTEL,0.22020000219345093,2026-05-13,,,,,,0
413,LCTC,2.049999952316284,2026-05-13,,,,,,0
414,LGL,6.832799911499023,2026-05-13,,,,False,-33.9934,0
415,LGMK,0.5040000081062317,2026-05-13,amc,,,True,100,0
416,LIFD,0.18000000715255737,2026-05-13,,,,,,0
417,LIVE,13.710000038146973,2026-05-14,bmo,,,,,0
418,LNAI,0.30000001192092896,2026-05-13,,,,,,0
419,LPA,3.534899950027466,2026-05-13,amc,,,,,0
420,LPAA,10.772500038146973,2026-05-13,,,,,,0
421,LSH,0.6412000060081482,2026-05-14,,,,,,0
422,LTUM,0.06830000132322311,2026-05-13,,,,,,0
423,LWLG,15.430000305175781,2026-05-13,amc,,,,,0
424,MACI,10.805999755859375,2026-05-13,,,,,,0
425,MAGE,0.15000000596046448,2026-05-13,,,,,,0
426,MB,7.800000190734863,2026-05-13,,,,,,0
427,MCAP,8.5,2026-05-14,,,,,,0
428,MCI,17.06999969482422,2026-05-13,,,,,,0
429,MGRX,0.3659000098705292,2026-05-13,,,,,,0
430,MITI,0.05999999865889549,2026-05-13,,,,,,0
431,MLCI,3.700000047683716,2026-05-14,,,,,,0
432,MLP,15.260100364685059,2026-05-13,,,,,,0
433,MNDO,0.9649999737739563,2026-05-13,,,,,,0
434,MOBQ,1.1399999856948853,2026-05-13,,,,,,0
435,MRLN,7.78000020980835,2026-05-14,,,,,,0
436,MSBB,17.25,2026-05-13,,,,,,0
437,MSGM,5.295000076293945,2026-05-13,,,,,,0
438,MTR,4.239999771118164,2026-05-13,,,,False,-52.2631,0
439,MWAI,0.38769999146461487,2026-05-14,,,,,,0
440,NASB,39.25,2026-05-13,,,,,,0
441,NASO,1.3274099826812744,2026-05-13,,,,,,0
442,NBRI,0.0006000000284984708,2026-05-13,,,,,,0
443,NCRA,0.1996999979019165,2026-05-13,,,,,,0
444,NSYS,13.40939998626709,2026-05-14,amc,,,,,0
445,NTWK,4.329999923706055,2026-05-14,bmo,,,,,0
446,NTWO,10.640000343322754,2026-05-13,,,,,,0
447,NUVR,15.600000381469727,2026-05-13,,,,,,0
448,NWBO,0.25,2026-05-13,,,,,,0
449,NXDT,5.019800186157227,2026-05-13,,,,,,0
450,NXPL,6.440000057220459,2026-05-14,bmo,,,,,0
451,ORBS,0.8883000016212463,2026-05-13,,,,,,0
452,OTLC,0.03999999910593033,2026-05-13,,,,,,0
453,PAYD,2.009999990463257,2026-05-13,,,,,,0
454,PGAC,10.529999732971191,2026-05-13,,,,,,0
455,PHYS,35.62990188598633,2026-05-13,,,,,,0
456,PIAC,0.050999999046325684,2026-05-13,,,,,,0
457,PKTX,0.005400000140070915,2026-05-13,,,,,,0
458,PLAG,1.8799999952316284,2026-05-13,,,,True,30.719,0
459,PLMK,10.61989974975586,2026-05-13,,,,,,0
460,POLA,1.6399999856948853,2026-05-13,,,,,,0
461,PRSI,6.0,2026-05-13,,,,,,0
462,PULM,1.25,2026-05-13,,,,,,0
463,PVCT,0.0649000033736229,2026-05-13,,,,,,0
464,PVL,2.0032999515533447,2026-05-13,,,,False,-100,0
465,QPRC,0.3246000111103058,2026-05-13,,,,,,0
466,QURT,0.6100000143051147,2026-05-13,,,,,,0
467,RAFI,4.5,2026-05-13,,,,,,0
468,RANG,10.609999656677246,2026-05-13,,,,,,0
469,RIME,0.6955999732017517,2026-05-14,,,,False,-1717.6471,0
470,RLBY,0.041999999433755875,2026-05-13,,,,True,142.2145,0
471,RMHI,1.0,2026-05-14,,,,,,0
472,RNGE,0.1899999976158142,2026-05-13,,,,,,0
473,RPMT,0.6000000238418579,2026-05-13,,,,,,0
474,SCGX,7.980000019073486,2026-05-13,,,,,,0
475,SCTH,4.5,2026-05-13,,,,,,0
476,SEBC,29.5,2026-05-13,,,,,,0
477,SINC,5.0,2026-05-13,,,,,,0
478,SISI,0.2409999966621399,2026-05-13,,,,,,0
479,SJT,4.309999942779541,2026-05-13,,,,,,0
480,SLAMF,19.0,2026-05-13,,,,,,0
481,SMEV,0.00800000037997961,2026-05-13,,,,,,0
482,SOBR,1.840000033378601,2026-05-13,,,,False,-17.6471,0
483,SRG,2.634999990463257,2026-05-13,,,,,,0
484,SRNN,11.600000381469727,2026-05-13,,,,,,0
485,SRXH,0.11840000003576279,2026-05-13,,,,,,0
486,SVCC,10.5,2026-05-13,,,,,,0
487,SVVC,0.019999999552965164,2026-05-13,,,,,,0
488,SWMR,36.470001220703125,2026-05-13,bmo,,,,,0
489,SZZL,10.319999694824219,2026-05-13,,,,,,0
490,TAIT,1.5499999523162842,2026-05-13,,,,,,0
491,TAVI,10.600000381469727,2026-05-13,,,,,,0
492,TDAC,10.630000114440918,2026-05-13,,,,,,0
493,TISI,15.699999809265137,2026-05-13,,,,,,0
494,UAVS,1.0850000381469727,2026-05-13,,,,,,0
495,UONEK,5.724999904632568,2026-05-14,bmo,,,,,0
496,VACH,10.350000381469727,2026-05-13,,,,,,0
497,VASO,0.19900000095367432,2026-05-13,,,,,,0
498,VATE,12.28499984741211,2026-05-14,amc,,,,,0
499,VIVC,0.029999999329447746,2026-05-13,,,,,,0
500,VMCAF,13.0,2026-05-13,,,,,,0
501,VPLM,0.009200000204145908,2026-05-13,,,,,,0
502,VRDR,0.059700001031160355,2026-05-14,,,,,,0
503,VS,1.1699999570846558,2026-05-13,,,,,,0
504,VTDRF,18.25,2026-05-14,,,,,,0
505,VYCO,0.07000000029802322,2026-05-13,,,,,,0
506,VYST,0.1679999977350235,2026-05-13,,,,,,0
507,WCT,1.9200999736785889,2026-05-14,,,,,,0
508,WORX,0.3714999854564667,2026-05-13,,,,,,0
509,WRAP,1.4199999570846558,2026-05-13,amc,,,,,0
510,WWR,0.644599974155426,2026-05-13,,,,True,16.2224,0
511,WYTC,1.25,2026-05-13,,,,,,0
512,XBP,2.559999942779541,2026-05-13,,,,,,0
513,XERI,0.01590000092983246,2026-05-13,,,,,,0
514,XNET,5.960000038146973,2026-05-13,,,,,,0
515,YSG,2.890000104904175,2026-05-14,,,,,,0
