ticker,score,currentPrice,proximity_52w_high,trend_30d_pct,vol_ratio_5_over_30,sector,industry,marketCap,floatShares,shortPercentOfFloat,revenueGrowth,numberOfAnalystOpinions,categories,holding,ok
SOUN,7.0,8.0600004196167,0.377,17.32,1.28,Technology,Software - Application,3435799552.0,390108155.0,0.4026,0.517,8.0,['FIDELITY QUANTUM/BIOTECH'],,True
BTDR,7.0,12.829999923706055,0.495,48.32,1.22,Technology,Software - Application,3121714176.0,131299347.0,0.347,2.258,11.0,['FIDELITY MOVERS'],,True
ONDS,7.0,9.039999961853027,0.645,0.0,0.82,Technology,Communication Equipment,4455558656.0,463863332.0,0.3396,6.292,8.0,['ROBINHOOD'],,True
EOSE,7.0,8.100000381469727,0.422,63.31,1.25,Industrials,Electrical Equipment & Parts,2749972992.0,334902812.0,0.3031,6.996,7.0,['FIDELITY OTHER'],,True
QUBT,7.0,11.779999732971191,0.478,71.97,2.29,Technology,Computer Hardware,2656650752.0,200511880.0,0.2987,93.641,6.0,['FIDELITY QUANTUM/BIOTECH'],"{'shares': 4, 'broker': 'Fidelity', 'pl_pct': None}",True
PATH,7.0,10.005000114440918,0.519,-9.86,1.25,Technology,Software - Infrastructure,5241838080.0,425775588.0,0.2969,0.136,16.0,['FIDELITY MOVERS'],,True
RCAT,7.0,11.029999732971191,0.635,-15.74,0.81,Industrials,Aerospace & Defense,1353848192.0,108452695.0,0.2685,8.491,4.0,"['ROBINHOOD', 'FIDELITY DEFENSE/SPACE', 'FIDELITY WOLFPACKALL']",,True
VG,6.0,13.260000228881836,0.698,-15.86,0.94,Energy,Oil & Gas Midstream,32918861824.0,499698621.0,0.9396,1.917,19.0,['ROBINHOOD'],"{'shares': 5, 'broker': 'Robinhood', 'pl_pct': 19}",True
GO,6.0,7.960000038146973,0.427,12.91,1.0,Consumer Defensive,Grocery Stores,787424448.0,92669273.0,0.3946,0.107,13.0,['FIDELITY WOLFPACKALL'],,True
TMDX,6.0,63.93000030517578,0.425,-35.69,2.58,Healthcare,Medical Devices,2209479168.0,33442866.0,0.3755,0.212,9.0,['FIDELITY MOVERS'],,True
LCID,6.0,6.010000228881836,0.192,-36.94,0.92,Consumer Cyclical,Auto Manufacturers,2345443584.0,172360822.0,0.35810003,0.202,10.0,['FIDELITY MOVERS'],,True
UPST,6.0,27.84000015258789,0.331,8.54,1.24,Financial Services,Credit Services,2664610048.0,78410746.0,0.3232,0.446,15.0,['FIDELITY MOVERS'],,True
SYM,6.0,51.31999969482422,0.588,-3.53,1.62,Industrials,Specialty Industrial Machinery,30978486272.0,111323662.0,0.2737,0.231,17.0,['ROBINHOOD'],,True
TEM,6.0,46.95000076293945,0.455,3.83,1.59,Healthcare,Health Information Services,8430565888.0,113560350.0,0.2703,0.361,15.0,['ROBINHOOD'],,True
FIG,6.0,19.360000610351562,0.159,-8.42,0.87,Technology,Software - Application,10202194944.0,217999076.0,0.2647,0.4,8.0,['ROBINHOOD'],"{'shares': 100, 'broker': 'Fidelity', 'pl_pct': -35}",True
AEVA,6.0,19.09000015258789,0.505,45.06,2.19,Technology,Software - Infrastructure,1203449216.0,30495367.0,0.1934,0.859,5.0,['FIDELITY MOVERS'],,True
QLYS,6.0,90.12000274658203,0.586,2.58,1.08,Technology,Software - Infrastructure,3173756928.0,34968727.0,0.1832,0.098,19.0,['FIDELITY CYBERSECURITY'],,True
RDW,6.0,11.550000190734863,0.561,35.88,1.51,Industrials,Aerospace & Defense,2297511168.0,195228831.0,0.1617,0.579,9.0,"['FIDELITY DEFENSE/SPACE', 'FIDELITY OTHER']",,True
QBTS,6.0,22.354999542236328,0.499,54.92,1.08,Technology,Computer Hardware,8280882688.0,360022205.0,0.16,0.192,15.0,['FIDELITY QUANTUM/BIOTECH'],,True
RGTI,6.0,19.06999969482422,0.338,35.83,1.14,Technology,Computer Hardware,6337829376.0,327475981.0,0.1523,1.989,12.0,['FIDELITY QUANTUM/BIOTECH'],,True
TENB,6.0,21.010000228881836,0.592,24.17,0.88,Technology,Software - Infrastructure,2316814336.0,108906806.0,0.1511,0.096,20.0,['FIDELITY CYBERSECURITY'],,True
NTLA,5.0,13.989999771118164,0.5,9.13,0.81,Healthcare,Biotechnology,1954714496.0,134158536.0,0.39279997,-0.095,20.0,"['ROBINHOOD', 'FIDELITY QUANTUM/BIOTECH']",,True
HIMS,5.0,25.030000686645508,0.378,20.57,1.08,Healthcare,Drug Manufacturers - Specialty & Generic,5783707648.0,210908881.0,0.3725,0.038,14.0,['FIDELITY OTHER'],,True
IBRX,5.0,8.119999885559082,0.703,5.87,1.11,Healthcare,Biotechnology,8504514048.0,394035513.0,0.3556,1.676,4.0,['FIDELITY MOVERS'],,True
RXRX,5.0,3.1500000953674316,0.464,2.61,1.22,Healthcare,Biotechnology,1671901056.0,512964130.0,0.3422,-0.561,7.0,"['ROBINHOOD', 'FIDELITY MOVERS']",,True
PLAY,5.0,9.729999542236328,0.282,-10.16,0.86,Communication Services,Entertainment,338014400.0,24415896.0,0.3397,-0.009,8.0,['FIDELITY WOLFPACKALL'],,True
BEAM,5.0,31.579999923706055,0.892,32.52,0.99,Healthcare,Biotechnology,3248925696.0,88045147.0,0.31530002,3.249,15.0,['FIDELITY QUANTUM/BIOTECH'],,True
KSS,5.0,12.720000267028809,0.515,-1.4,1.09,Consumer Cyclical,Department Stores,1427860096.0,110606406.0,0.31190002,-0.042,12.0,['FIDELITY OTHER'],,True
APLD,5.0,43.93000030517578,0.985,85.05,0.98,Technology,Information Technology Services,12553856000.0,253863370.0,0.3041,1.393,10.0,['FIDELITY AI INFRASTRUCTURE'],,True
MARA,5.0,12.720000267028809,0.557,55.88,1.05,Financial Services,Capital Markets,4848828928.0,372615663.0,0.30110002,-0.184,10.0,['FIDELITY MOVERS'],,True
SANA,5.0,3.259999990463257,0.551,13.19,0.86,Healthcare,Biotechnology,880173056.0,188408972.0,0.2777,,7.0,['FIDELITY QUANTUM/BIOTECH'],,True
RR,5.0,2.569999933242798,0.364,22.97,1.68,Industrials,Specialty Industrial Machinery,574641600.0,141250048.0,0.277,-0.088,2.0,['ROBINHOOD'],,True
CRSP,5.0,52.83000183105469,0.688,11.06,0.92,Healthcare,Biotechnology,5095389696.0,96018630.0,0.26700002,0.686,22.0,['FIDELITY QUANTUM/BIOTECH'],,True
VELO,5.0,14.0600004196167,0.636,49.73,0.81,Technology,Computer Hardware,418822816.0,10291938.0,0.2556,-0.252,2.0,['FIDELITY AI INFRASTRUCTURE'],,True
WTI,5.0,4.210000038146973,0.94,23.46,0.79,Energy,Oil & Gas E&P,626354112.0,98278084.0,0.2527,0.155,2.0,"['ROBINHOOD', 'FIDELITY WOLFPACKALL']",,True
SMR,5.0,11.989999771118164,0.224,10.61,1.16,Industrials,Specialty Industrial Machinery,4149808384.0,339325573.0,0.2352,-0.958,14.0,['FIDELITY NUCLEAR/ENERGY'],,True
CORZ,5.0,22.790000915527344,0.925,52.34,1.51,Technology,Software - Infrastructure,7244605952.0,235959895.0,0.2344,0.449,14.0,['FIDELITY AI INFRASTRUCTURE'],,True
IONQ,5.0,55.86000061035156,0.68,93.76,1.33,Technology,Computer Hardware,20850860032.0,370548810.0,0.2318,7.547,14.0,"['FIDELITY QUANTUM/BIOTECH', 'FIDELITY OTHER']",,True
LEU,5.0,202.63999938964844,0.465,16.73,1.14,Energy,Uranium,3986494976.0,18306518.0,0.2289,0.049,14.0,"['ROBINHOOD', 'FIDELITY NUCLEAR/ENERGY', 'FIDELITY WOLFPACKALL']",,True
LYFT,5.0,13.880000114440918,0.565,4.36,1.39,Technology,Software - Application,5269993472.0,302899334.0,0.22469999,0.138,35.0,['ROBINHOOD'],,True
SYNA,5.0,119.58999633789062,0.945,70.75,1.54,Technology,Semiconductors,4620680704.0,37908592.0,0.21139999,0.104,10.0,['FIDELITY SEMICONDUCTORS'],,True
RIG,5.0,6.53000020980835,0.938,-1.51,0.98,Energy,Oil & Gas Drilling,7290361344.0,916810329.0,0.19370002,0.193,11.0,['ROBINHOOD'],,True
ALT,5.0,3.0799999237060547,0.399,0.0,0.71,Healthcare,Biotechnology,598613952.0,109754352.0,0.1826,4.2,10.0,['FIDELITY QUANTUM/BIOTECH'],,True
ASTS,5.0,72.95999908447266,0.598,-11.96,1.46,Technology,Communication Equipment,28312633344.0,265343550.0,0.1814,19.522,8.0,"['ROBINHOOD', 'FIDELITY DEFENSE/SPACE']",,True
INOD,5.0,92.08999633789062,0.887,138.45,3.67,Technology,Information Technology Services,3007231744.0,31349144.0,0.16780001,0.544,4.0,['ROBINHOOD'],,True
GRAL,5.0,61.97999954223633,0.534,19.93,0.95,Healthcare,Diagnostics & Research,2659970304.0,38631371.0,0.16540001,0.281,7.0,['ROBINHOOD'],,True
MNDY,5.0,71.98999786376953,0.229,4.17,1.82,Technology,Software - Application,3711189760.0,39263383.0,0.1548,0.245,25.0,['ROBINHOOD'],,True
UUUU,5.0,20.969999313354492,0.756,14.9,1.38,Energy,Uranium,5239711232.0,247778112.0,0.15020001,1.121,5.0,"['ROBINHOOD', 'FIDELITY NUCLEAR/ENERGY']",,True
UMAC,5.0,14.096099853515625,0.636,13.68,0.89,Technology,Computer Hardware,673616192.0,36187062.0,0.1433,1.444,5.0,"['ROBINHOOD', 'FIDELITY AI INFRASTRUCTURE']",,True
ALK,5.0,38.7400016784668,0.607,5.33,0.7,Industrials,Airlines,4316758528.0,110716947.0,0.1354,0.052,16.0,['ROBINHOOD'],,True
NCNO,5.0,16.190000534057617,0.495,8.08,0.67,Technology,Software - Application,1761384576.0,97646559.0,0.12020001,0.059,14.0,['FIDELITY WOLFPACKALL'],,True
AVAV,5.0,168.86000061035156,0.412,-7.75,1.06,Industrials,Aerospace & Defense,8545172480.0,37411676.0,0.1182,1.434,17.0,"['FIDELITY DEFENSE/SPACE', 'FIDELITY WOLFPACKALL']",,True
TATT,5.0,36.02000045776367,0.589,-11.35,0.78,Industrials,Aerospace & Defense,467652608.0,12961715.0,0.037100002,0.134,7.0,['FIDELITY AI INFRASTRUCTURE'],,True
ISSC,5.0,21.219999313354492,0.694,3.36,0.64,Industrials,Aerospace & Defense,377256448.0,16305229.0,0.0248,0.366,4.0,['FIDELITY AI INFRASTRUCTURE'],,True
BATL,4.0,2.765000104904175,0.1,-29.1,0.4,Energy,Oil & Gas E&P,59361332.0,14292698.0,0.4094,-0.35,,"['ROBINHOOD', 'FIDELITY NUCLEAR/ENERGY']","{'shares': 200, 'broker': 'Fidelity', 'pl_pct': -85}",True
NVAX,4.0,9.619999885559082,0.86,18.18,2.47,Healthcare,Biotechnology,1581894656.0,141464469.0,0.3028,-0.791,9.0,['FIDELITY MOVERS'],,True
FRMM,4.0,4.46999979019165,0.042,54.67,0.14,Technology,Software - Application,65483628.0,11767182.0,0.2823,,1.0,['ROBINHOOD'],,True
ENPH,4.0,37.47999954223633,0.725,-0.87,0.73,Technology,Solar,4939797504.0,127819232.0,0.2765,-0.206,27.0,['FIDELITY MOVERS'],,True
SKYQ,4.0,3.1700000762939453,0.252,23.35,0.09,Energy,Oil & Gas Integrated,11911117.0,3203563.0,0.2756,-0.933,,['ROBINHOOD'],,True
RCKT,4.0,3.640000104904175,0.531,1.68,1.11,Healthcare,Biotechnology,397464544.0,88732862.0,0.24219999,,11.0,['FIDELITY WOLFPACKALL'],,True
LUNR,4.0,32.09000015258789,0.99,72.9,0.85,Industrials,Aerospace & Defense,5133175808.0,129290995.0,0.21440001,-0.181,9.0,['FIDELITY DEFENSE/SPACE'],,True
RXT,4.0,6.329999923706055,1.0,545.92,4.45,Technology,Software - Infrastructure,1577578368.0,111133297.0,0.2076,0.019,3.0,['ROBINHOOD'],,True
NVTS,4.0,19.25,0.85,119.5,1.28,Technology,Semiconductors,4498978304.0,206069573.0,0.2045,-0.387,8.0,['ROBINHOOD'],,True
PII,4.0,64.72000122070312,0.879,18.75,0.44,Consumer Cyclical,Recreational Vehicles,3681672960.0,53458207.0,0.19870001,0.075,15.0,['ROBINHOOD'],,True
BKSY,4.0,40.310001373291016,0.974,60.21,1.6,Industrials,Specialty Business Services,1495864832.0,31643980.0,0.19620001,-0.297,7.0,['FIDELITY DEFENSE/SPACE'],,True
SEDG,4.0,40.41999816894531,0.779,-20.82,1.19,Technology,Solar,2458271488.0,60060407.0,0.1909,0.415,21.0,['FIDELITY MOVERS'],,True
OKLO,4.0,73.63999938964844,0.423,48.5,1.12,Utilities,Utilities - Independent Power Producers,12807456768.0,163670160.0,0.1884,,19.0,"['ROBINHOOD', 'FIDELITY NUCLEAR/ENERGY']",,True
TPET,4.0,0.39489999413490295,0.203,-42.77,0.44,Energy,Oil & Gas E&P,13354701.0,29441890.0,0.1858,10.294,,"['ROBINHOOD', 'FIDELITY NUCLEAR/ENERGY']","{'shares': 100, 'broker': 'Fidelity', 'pl_pct': -74}",True
KRYS,4.0,310.30999755859375,0.992,20.13,1.38,Healthcare,Biotechnology,9147863040.0,23369782.0,0.1724,0.319,9.0,['ROBINHOOD'],,True
SPIR,4.0,17.665000915527344,0.763,40.42,0.66,Industrials,Specialty Business Services,680628288.0,31713268.0,0.1718,-0.269,4.0,['FIDELITY DEFENSE/SPACE'],,True
MUX,4.0,26.149999618530273,0.9,28.06,1.69,Basic Materials,Other Precious Metals & Mining,1562203264.0,50869598.0,0.169,0.928,5.0,['ROBINHOOD'],,True
CIFR,4.0,20.059999465942383,0.812,55.87,1.1,Technology,Information Technology Services,8205526528.0,333767783.0,0.1685,-0.288,14.0,"['ROBINHOOD', 'FIDELITY AI INFRASTRUCTURE']",,True
TLRY,4.0,5.409999847412109,0.258,-16.38,0.6,Healthcare,Drug Manufacturers - Specialty & Generic,647058816.0,443935498.0,0.16360001,-0.078,9.0,['ROBINHOOD'],,True
NEXT,4.0,8.5,0.708,10.97,0.75,Energy,Oil & Gas Equipment & Services,2252440320.0,128439451.0,0.16139999,,4.0,['ROBINHOOD'],,True
AEHR,4.0,96.72000122070312,0.925,160.84,0.72,Technology,Semiconductor Equipment & Materials,3042158848.0,29993194.0,0.1584,-0.437,3.0,['FIDELITY MOVERS'],,True
PALI,4.0,1.9199999570846558,0.686,9.71,0.62,Healthcare,Biotechnology,321838464.0,122671822.0,0.15619999,,7.0,['ROBINHOOD'],,True
ACHR,4.0,6.380000114440918,0.468,23.4,1.8,Industrials,Aerospace & Defense,4846235648.0,639680271.0,0.1416,,9.0,['FIDELITY DEFENSE/SPACE'],,True
NSP,4.0,31.59000015258789,0.44,16.83,0.73,Industrials,Staffing & Employment Services,1205764480.0,36471798.0,0.131,0.017,4.0,['FIDELITY WOLFPACKALL'],,True
MSTR,4.0,184.4199981689453,0.405,47.77,0.84,Technology,Software - Application,64629596160.0,330027274.0,0.1234,0.119,14.0,['FIDELITY MOVERS'],,True
DPRO,4.0,5.389999866485596,0.391,9.78,1.07,Technology,Computer Hardware,196713104.0,34436838.0,0.1232,0.185,6.0,['FIDELITY DEFENSE/SPACE'],,True
GRRR,4.0,13.770000457763672,0.546,30.77,1.57,Technology,Software - Infrastructure,380793664.0,25543870.0,0.122,0.048,3.0,['ROBINHOOD'],,True
APPS,4.0,3.869999885559082,0.513,34.37,0.78,Technology,Software - Application,464012736.0,108226476.0,0.1146,0.125,2.0,['ROBINHOOD'],,True
GTLB,4.0,23.079999923706055,0.432,6.65,1.02,Technology,Software - Infrastructure,3897100544.0,149711814.0,0.105900005,0.232,24.0,['FIDELITY MOVERS'],,True
BZAI,4.0,1.6299999952316284,0.259,-10.44,1.05,Technology,Software - Application,231828272.0,78249624.0,0.10520001,23775.0,5.0,['ROBINHOOD'],,True
GEO,4.0,21.40999984741211,0.777,27.36,1.69,Industrials,Security & Protection Services,2860767488.0,126446868.0,0.1038,0.166,4.0,['ROBINHOOD'],,True
CAMT,4.0,174.625,0.842,15.18,1.42,Technology,Semiconductor Equipment & Materials,8128550912.0,29096138.0,0.103599995,0.092,12.0,['FIDELITY SEMICONDUCTORS'],,True
SATL,4.0,7.550000190734863,0.868,38.79,1.0,Industrials,Aerospace & Defense,1081488512.0,85562443.0,0.0958,0.803,5.0,"['ROBINHOOD', 'FIDELITY MOVERS']",,True
SLAB,4.0,216.5800018310547,0.992,4.05,1.05,Technology,Semiconductors,7143203328.0,32423111.0,0.095699996,0.201,7.0,['FIDELITY MOVERS'],,True
MRCY,4.0,92.31999969482422,0.896,26.62,1.47,Industrials,Aerospace & Defense,5543196160.0,55478793.0,0.0917,0.115,8.0,['FIDELITY DEFENSE/SPACE'],,True
DLB,4.0,55.39500045776367,0.714,-7.77,1.27,Industrials,Specialty Business Services,5240262656.0,59659247.0,0.0913,0.071,3.0,['ROBINHOOD'],,True
OUST,4.0,27.100000381469727,0.731,47.52,1.91,Technology,Electronic Components,1725536896.0,60987861.0,0.0854,0.489,6.0,['FIDELITY MOVERS'],,True
LAES,4.0,2.940000057220459,0.384,12.21,0.89,Technology,Semiconductors,654955584.0,184204792.0,0.0829,1.182,2.0,['FIDELITY QUANTUM/BIOTECH'],,True
MOS,4.0,22.3799991607666,0.592,-12.24,1.19,Basic Materials,Agricultural Inputs,7113408000.0,315600226.0,0.0766,0.056,19.0,['FIDELITY WOLFPACKALL'],,True
BAH,4.0,75.43000030517578,0.582,-3.33,1.15,Industrials,Consulting Services,9096434688.0,119273880.0,0.0731,-0.102,12.0,['FIDELITY DEFENSE/SPACE'],,True
HUYA,4.0,3.119999885559082,0.639,-5.45,1.4,Communication Services,Entertainment,716948544.0,79266472.0,0.0647,0.162,11.0,['FIDELITY MOVERS'],,True
CEVA,4.0,37.08000183105469,1.0,98.5,1.82,Technology,Semiconductors,1033025408.0,24535440.0,0.0637,0.115,8.0,['FIDELITY SEMICONDUCTORS'],,True
KTOS,4.0,57.33000183105469,0.439,-18.69,1.28,Industrials,Aerospace & Defense,10750521344.0,184635927.0,0.0633,0.226,19.0,"['ROBINHOOD', 'FIDELITY DEFENSE/SPACE', 'FIDELITY WOLFPACKALL']",,True
KOS,4.0,3.0999999046325684,0.948,11.51,0.76,Energy,Oil & Gas E&P,1838886656.0,571840392.0,0.0572,0.277,10.0,['FIDELITY WOLFPACKALL'],,True
AXON,4.0,393.6600036621094,0.452,-7.31,1.46,Industrials,Aerospace & Defense,31729815552.0,77098305.0,0.0515,0.337,18.0,['FIDELITY DEFENSE/SPACE'],,True
KDK,4.0,7.929999828338623,0.726,14.27,2.85,Technology,Software - Infrastructure,1457933824.0,86664953.0,0.0468,0.244,5.0,['ROBINHOOD'],,True
STNG,4.0,83.54499816894531,0.965,11.9,1.35,Energy,Oil & Gas Midstream,4212169984.0,38929722.0,0.0454,0.462,9.0,"['FIDELITY MOVERS', 'FIDELITY WOLFPACKALL']",,True
INSW,4.0,88.36000061035156,0.964,21.24,1.43,Energy,Oil & Gas Midstream,4374235136.0,40872562.0,0.0448,0.785,6.0,['FIDELITY MOVERS'],,True
EVLV,4.0,6.960000038146973,0.795,15.04,1.18,Industrials,Security & Protection Services,1250140672.0,170230754.0,0.04,0.323,4.0,['ROBINHOOD'],,True
VST,4.0,146.90499877929688,0.674,-2.28,1.63,Utilities,Utilities - Independent Power Producers,49533788160.0,314426023.0,0.038399998,0.434,18.0,['FIDELITY NUCLEAR/ENERGY'],,True
FRO,4.0,38.529998779296875,0.972,10.53,0.89,Energy,Oil & Gas Midstream,8577659904.0,120775144.0,0.035,0.467,4.0,['FIDELITY WOLFPACKALL'],,True
CXW,4.0,19.600000381469727,0.863,3.65,1.89,Industrials,Security & Protection Services,1938213888.0,90115076.0,0.033099998,0.258,5.0,['ROBINHOOD'],,True
SBSW,4.0,13.5,0.639,9.58,1.12,Basic Materials,Other Precious Metals & Mining,9765498880.0,2819273301.0,0.0197,0.316,4.0,['FIDELITY WOLFPACKALL'],,True
WSHP,3.0,6.900000095367432,0.035,-7.51,0.06,Communication Services,Internet Content & Information,75650104.0,1360715.0,0.6953,-0.733,,['ROBINHOOD'],,True
WULF,3.0,22.799999237060547,0.886,58.0,1.02,Financial Services,Capital Markets,11298144256.0,329311992.0,0.25190002,-0.011,12.0,['ROBINHOOD'],,True
KULR,3.0,3.186500072479248,0.247,34.45,1.23,Technology,Electronic Components,147340672.0,44169694.0,0.20719999,-0.15,1.0,['FIDELITY MOVERS'],,True
PGEN,3.0,4.079999923706055,0.783,5.43,0.93,Healthcare,Biotechnology,1454564736.0,168880605.0,0.2054,2.836,2.0,['ROBINHOOD'],,True
APGE,3.0,82.93000030517578,0.899,-1.47,0.93,Healthcare,Biotechnology,6252041216.0,57787941.0,0.19860001,,16.0,['ROBINHOOD'],,True
NBIS,3.0,179.11000061035156,0.918,72.62,0.95,Communication Services,Internet Content & Information,45475704832.0,210512505.0,0.19780001,5.469,14.0,['FIDELITY QUANTUM/BIOTECH'],,True
TXG,3.0,20.920000076293945,0.802,-1.46,1.17,Healthcare,Health Information Services,2655923456.0,115087055.0,0.19,-0.026,12.0,['FIDELITY MOVERS'],,True
MRNA,3.0,53.27000045776367,0.922,4.86,1.91,Healthcare,Biotechnology,21136805888.0,370094447.0,0.17979999,2.602,19.0,['FIDELITY MOVERS'],,True
RIOT,3.0,24.510000228881836,0.967,98.3,1.18,Financial Services,Capital Markets,9268487168.0,348451232.0,0.1768,0.036,18.0,"['ROBINHOOD', 'FIDELITY MOVERS']",,True
RLAY,3.0,12.930000305175781,0.77,29.95,0.79,Healthcare,Biotechnology,2477209088.0,115913462.0,0.1709,-0.609,12.0,['FIDELITY QUANTUM/BIOTECH'],,True
MP,3.0,65.58000183105469,0.665,35.89,1.37,Basic Materials,Other Industrial Metals & Mining,11674695680.0,143402221.0,0.1668,1.186,,"['ROBINHOOD', 'FIDELITY MINERALS']",,True
UCAR,3.0,1.350000023841858,0.03,255.26,0.02,Consumer Cyclical,Auto & Truck Dealerships,2879749.0,439232.0,0.159,0.344,1.0,['ROBINHOOD'],,True
ANNX,3.0,5.440000057220459,0.782,-1.81,0.8,Healthcare,Biotechnology,891303424.0,133839692.0,0.1542,,7.0,"['ROBINHOOD', 'FIDELITY MOVERS']",,True
MOBX,3.0,1.9299999475479126,0.16,-42.22,1.29,Technology,Semiconductors,20544552.0,8365534.0,0.1511,-0.408,,['FIDELITY WOLFPACKALL'],,True
SST,3.0,4.453000068664551,0.414,47.45,0.24,Industrials,Specialty Business Services,44072856.0,4470336.0,0.15100001,-0.313,,['FIDELITY OTHER'],,True
SYRE,3.0,75.04000091552734,0.982,48.77,0.72,Healthcare,Biotechnology,6516568064.0,80979468.0,0.1507,,15.0,['ROBINHOOD'],,True
OPEN,3.0,4.710000038146973,0.448,0.64,1.18,Real Estate,Real Estate Services,4543909376.0,949445556.0,0.14739999,-0.376,7.0,['ROBINHOOD'],,True
HE,3.0,13.489999771118164,0.79,-9.1,1.77,Utilities,Utilities - Regulated Electric,2328854528.0,161500626.0,0.1399,0.003,3.0,['FIDELITY MOVERS'],,True
UEC,3.0,15.494999885559082,0.769,14.78,1.13,Energy,Uranium,7595970560.0,481558582.0,0.1373,-0.594,9.0,"['ROBINHOOD', 'FIDELITY NUCLEAR/ENERGY', 'FIDELITY WOLFPACKALL']",,True
PL,3.0,40.70009994506836,0.973,45.62,0.87,Industrials,Aerospace & Defense,14505238528.0,283631051.0,0.1359,0.411,9.0,"['ROBINHOOD', 'FIDELITY DEFENSE/SPACE']",,True
LTBR,3.0,13.420000076293945,0.484,25.89,1.21,Industrials,Electrical Equipment & Parts,440773024.0,31064316.0,0.1338,,,['FIDELITY NUCLEAR/ENERGY'],,True
INSG,3.0,14.710000038146973,0.725,32.28,1.8,Technology,Communication Equipment,239430368.0,13934489.0,0.1277,0.084,4.0,['FIDELITY AI INFRASTRUCTURE'],,True
SOFI,3.0,15.899999618530273,0.494,0.13,0.96,Financial Services,Credit Services,20395585536.0,1263102432.0,0.1272,0.425,20.0,['ROBINHOOD'],,True
JOBY,3.0,10.489999771118164,0.514,27.0,1.47,Industrials,Airports & Air Services,10318413824.0,665267170.0,0.1254,,9.0,['FIDELITY DEFENSE/SPACE'],,True
AMKR,3.0,73.44999694824219,0.94,63.11,0.97,Technology,Semiconductor Equipment & Materials,18206234624.0,141344346.0,0.1205,0.275,8.0,['FIDELITY SEMICONDUCTORS'],,True
GPCR,3.0,37.84000015258789,0.403,-21.49,0.8,Healthcare,Biotechnology,2689459456.0,164688086.0,0.115200005,,15.0,"['FIDELITY QUANTUM/BIOTECH', 'FIDELITY MOVERS']",,True
KMTS,3.0,21.56999969482422,0.77,8.23,0.97,Healthcare,Medical Instruments & Supplies,1259113216.0,32744532.0,0.111999996,0.627,7.0,['ROBINHOOD'],,True
SNAP,3.0,5.539000034332275,0.535,20.41,1.01,Communication Services,Internet Content & Information,9179014144.0,1086749569.0,0.105,0.121,36.0,['ROBINHOOD'],,True
FN,3.0,634.8400268554688,0.881,21.73,1.29,Technology,Electronic Components,22746152960.0,35758439.0,0.1001,0.393,9.0,['FIDELITY SEMICONDUCTORS'],,True
ZS,3.0,146.1699981689453,0.435,4.19,1.02,Technology,Software - Infrastructure,23502776320.0,104214886.0,0.097600006,0.259,45.0,['FIDELITY CYBERSECURITY'],,True
VSAT,3.0,70.98999786376953,0.972,55.0,1.03,Technology,Communication Equipment,9642671104.0,132097396.0,0.0964,0.03,7.0,['FIDELITY DEFENSE/SPACE'],,True
SRTA,3.0,5.46999979019165,0.918,30.86,1.78,Healthcare,Medical Care Facilities,473300320.0,61755744.0,0.0943,0.874,4.0,['ROBINHOOD'],,True
CELH,3.0,29.610000610351562,0.457,-16.54,2.08,Consumer Defensive,Beverages - Non-Alcoholic,7569510912.0,196211646.0,0.091000006,1.377,21.0,['FIDELITY MOVERS'],,True
CNMD,3.0,35.970001220703125,0.597,1.73,0.95,Healthcare,Medical Devices,1083027712.0,29826770.0,0.091000006,-0.013,5.0,['ROBINHOOD'],,True
CFLT,3.0,30.989999771118164,1.0,1.77,0.61,Technology,Software - Infrastructure,11133729792.0,305921953.0,0.090900004,0.205,8.0,['FIDELITY MOVERS'],,True
STRL,3.0,851.3499755859375,0.961,109.04,1.47,Industrials,Engineering & Construction,26124486656.0,29991224.0,0.090500005,0.916,5.0,['FIDELITY AI INFRASTRUCTURE'],,True
RPAY,3.0,3.359999895095825,0.564,29.23,0.25,Technology,Software - Infrastructure,295971744.0,42383323.0,0.086,0.045,7.0,['ROBINHOOD'],,True
AIFF,3.0,1.7999999523162842,0.517,-17.43,0.3,Technology,Software - Application,26627534.0,12899857.0,0.08140001,6.774,,['ROBINHOOD'],,True
BORR,3.0,6.150000095367432,0.998,6.59,0.81,Energy,Oil & Gas Drilling,1895436672.0,232622013.0,0.080299996,-0.014,4.0,['FIDELITY WOLFPACKALL'],,True
SAIC,3.0,94.0,0.762,-0.97,1.03,Technology,Information Technology Services,4051624448.0,42952121.0,0.0765,-0.048,9.0,['FIDELITY DEFENSE/SPACE'],,True
S,3.0,15.739899635314941,0.774,22.2,1.14,Technology,Software - Infrastructure,5355917824.0,323466837.0,0.0753,0.202,34.0,['FIDELITY CYBERSECURITY'],,True
DAWN,3.0,21.530000686645508,1.0,1.03,0.6,Healthcare,Biotechnology,2224784640.0,71347715.0,0.0749,0.839,6.0,['FIDELITY MOVERS'],,True
LAC,3.0,5.570000171661377,0.554,41.01,1.24,Basic Materials,Other Industrial Metals & Mining,1942935296.0,322095000.0,0.0733,,9.0,"['ROBINHOOD', 'FIDELITY MINERALS']",,True
RIME,3.0,0.7601000070571899,0.218,-30.27,1.6,Technology,Consumer Electronics,11136731.0,14187793.0,0.0705,7.076,1.0,['ROBINHOOD'],,True
RKT,3.0,14.803000450134277,0.632,3.88,1.17,Financial Services,Mortgage Finance,41878511616.0,959016077.0,0.0681,1.67,14.0,['FIDELITY MOVERS'],,True
URG,3.0,1.9450000524520874,0.926,30.54,1.43,Energy,Uranium,772810432.0,370973438.0,0.0664,-0.539,7.0,['FIDELITY NUCLEAR/ENERGY'],,True
WLDN,3.0,92.97000122070312,0.689,21.43,2.21,Industrials,Engineering & Construction,1404833024.0,14609992.0,0.0652,0.018,2.0,['FIDELITY AI INFRASTRUCTURE'],,True
CACI,3.0,498.8699951171875,0.753,-8.27,1.17,Technology,Information Technology Services,11020688384.0,21804560.0,0.0585,0.085,13.0,['FIDELITY DEFENSE/SPACE'],,True
TLN,3.0,374.6099853515625,0.84,17.35,1.17,Utilities,Utilities - Independent Power Producers,17117806592.0,38529012.0,0.0583,0.967,15.0,['FIDELITY NUCLEAR/ENERGY'],,True
RKLB,3.0,117.55999755859375,1.0,83.06,1.62,Industrials,Aerospace & Defense,68037963776.0,539187572.0,0.0579,0.635,15.0,"['ROBINHOOD', 'FIDELITY DEFENSE/SPACE', 'FIDELITY WOLFPACKALL']",,True
CRDO,3.0,198.57000732421875,0.945,111.54,0.9,Technology,Semiconductors,36626223104.0,165790984.0,0.057800002,2.015,18.0,"['ROBINHOOD', 'FIDELITY SEMICONDUCTORS']",,True
OKTA,3.0,79.05999755859375,0.621,0.44,0.83,Technology,Software - Infrastructure,13862889472.0,168002851.0,0.056399997,0.116,43.0,['FIDELITY CYBERSECURITY'],,True
FORM,3.0,132.02000427246094,0.851,36.12,1.38,Technology,Semiconductor Equipment & Materials,10291589120.0,77344386.0,0.056199998,0.32,8.0,['FIDELITY MOVERS'],,True
YYAI,3.0,0.6769999861717224,0.003,-19.02,1.04,Technology,Software - Infrastructure,28530426.0,36205109.0,0.0559,1.131,,['ROBINHOOD'],,True
BILI,3.0,21.420000076293945,0.596,-5.05,1.17,Communication Services,Internet Content & Information,8924185600.0,289132645.0,0.0542,0.076,31.0,['FIDELITY MOVERS'],,True
SNOW,3.0,152.02999877929688,0.549,0.8,0.96,Technology,Software - Application,52556771328.0,335504811.0,0.0535,0.301,47.0,['ROBINHOOD'],,True
MTZ,3.0,420.6499938964844,0.961,30.74,1.19,Industrials,Engineering & Construction,33239156736.0,60654702.0,0.048699997,0.345,18.0,['ROBINHOOD'],,True
SES,3.0,0.9941999912261963,0.281,3.35,1.57,Consumer Cyclical,Auto Parts,367141504.0,285119993.0,0.048699997,0.158,2.0,['FIDELITY AI INFRASTRUCTURE'],,True
APTV,3.0,54.93000030517578,0.619,-20.9,1.27,Consumer Cyclical,Auto Parts,11624315904.0,209343490.0,0.048600003,0.054,19.0,['ROBINHOOD'],,True
ICHR,3.0,73.27999877929688,0.952,57.22,1.22,Technology,Semiconductor Equipment & Materials,2546502912.0,33939585.0,0.045,0.047,7.0,['FIDELITY MOVERS'],,True
BWXT,3.0,206.88999938964844,0.868,1.17,1.11,Industrials,Aerospace & Defense,18954153984.0,91197802.0,0.044,0.261,11.0,['FIDELITY NUCLEAR/ENERGY'],,True
GVH,3.0,4.78000020980835,0.013,114.35,0.25,Industrials,Integrated Freight & Logistics,10930995.0,1229223.0,0.041100003,0.207,1.0,"['ROBINHOOD', 'FIDELITY OTHER']",,True
NOW,3.0,88.99500274658203,0.426,-14.88,0.89,Technology,Software - Application,91781259264.0,1028348146.0,0.0378,0.221,44.0,['ROBINHOOD'],,True
TNK,3.0,80.06999969482422,0.964,9.21,0.76,Energy,Oil & Gas Midstream,2773933568.0,23882090.0,0.0378,-0.0,5.0,['FIDELITY WOLFPACKALL'],,True
KALU,3.0,176.36000061035156,0.977,46.34,0.77,Basic Materials,Aluminum,2881829376.0,15989851.0,0.0375,0.424,4.0,['FIDELITY WOLFPACKALL'],,True
CEG,3.0,293.6000061035156,0.727,5.14,1.25,Utilities,Utilities - Independent Power Producers,106369712128.0,338091958.0,0.0325,0.638,20.0,"['ROBINHOOD', 'FIDELITY NUCLEAR/ENERGY']",,True
LDOS,3.0,128.3699951171875,0.643,-17.46,1.63,Technology,Information Technology Services,16147079168.0,124747736.0,0.0317,0.037,14.0,['FIDELITY DEFENSE/SPACE'],,True
NRG,3.0,137.36000061035156,0.746,-6.01,1.23,Utilities,Utilities - Independent Power Producers,28981100544.0,210104547.0,0.031400003,0.195,16.0,['FIDELITY NUCLEAR/ENERGY'],,True
ONTO,3.0,278.0,0.903,35.56,1.24,Technology,Semiconductor Equipment & Materials,13828711424.0,49398347.0,0.0301,0.095,7.0,"['FIDELITY SEMICONDUCTORS', 'FIDELITY AI INFRASTRUCTURE']",,True
PLTR,3.0,136.0,0.656,-7.03,0.93,Technology,Software - Infrastructure,326034423808.0,2105319378.0,0.0277,0.847,27.0,['FIDELITY DEFENSE/SPACE'],,True
ZIM,3.0,25.750900268554688,0.88,-2.27,1.17,Industrials,Marine Shipping,3103485440.0,114755824.0,0.026099999,-0.315,4.0,['FIDELITY MOVERS'],,True
BOXL,3.0,0.8001000285148621,0.028,-34.95,0.58,Technology,Consumer Electronics,3201766.0,3150763.0,0.024500001,0.11,,['ROBINHOOD'],,True
NVT,3.0,170.7899932861328,0.985,44.39,0.96,Industrials,Electrical Equipment & Parts,27620233216.0,160997562.0,0.023599999,0.535,13.0,['FIDELITY AI INFRASTRUCTURE'],,True
XPON,3.0,0.6118999719619751,0.303,7.54,0.84,Industrials,Electrical Equipment & Parts,6999094.0,10494829.0,0.0224,0.118,,['FIDELITY MINERALS'],,True
MPLX,3.0,54.400001525878906,0.919,-4.68,1.18,Energy,Oil & Gas Midstream,55201513472.0,366143596.0,0.0222,0.071,14.0,['ROBINHOOD'],,True
LHX,3.0,309.5450134277344,0.818,-10.32,1.04,Industrials,Aerospace & Defense,57666670592.0,219817844.0,0.0156,1.9,19.0,['FIDELITY DEFENSE/SPACE'],,True
GE,3.0,297.6099853515625,0.861,4.88,0.82,Industrials,Aerospace & Defense,310951739392.0,1039403854.0,0.0121,0.247,20.0,['ROBINHOOD'],,True
HMY,3.0,17.93000030517578,0.689,16.66,1.11,Basic Materials,Gold,11320735744.0,544349998.0,0.0115,0.195,3.0,['ROBINHOOD'],,True
DRS,3.0,42.869998931884766,0.885,-3.71,0.98,Industrials,Aerospace & Defense,11436090368.0,76088550.0,0.0108,0.059,10.0,['FIDELITY DEFENSE/SPACE'],,True
RPGL,3.0,0.44510000944137573,0.004,-12.73,1.36,Technology,Software - Application,19490640.0,850839.0,0.0082,48.927,,['ROBINHOOD'],,True
IZM,3.0,0.37860000133514404,0.139,-47.92,1.9,Technology,Electronics & Computer Distribution,4550057.0,7771391.0,0.0068,0.072,,['FIDELITY OTHER'],,True
NTRP,3.0,2.5,0.529,-23.08,0.49,Consumer Cyclical,Travel Services,33925084.0,6294931.0,0.0067000003,15.08,3.0,['FIDELITY OTHER'],,True
TSM,3.0,397.2699890136719,0.947,17.55,1.17,Technology,Semiconductors,2060401115136.0,23638014751.0,0.0053,0.351,18.0,['FIDELITY SEMICONDUCTORS'],,True
ASML,3.0,1520.93994140625,0.955,15.15,1.14,Technology,Semiconductor Equipment & Materials,586197106688.0,385268964.0,0.0019,0.132,15.0,['FIDELITY SEMICONDUCTORS'],,True
WYY,3.0,8.289999961853027,0.864,66.13,1.32,Technology,Information Technology Services,81844368.0,8073908.0,0.0018000001,0.123,3.0,['ROBINHOOD'],,True
NNNN,3.0,25.5,0.489,-0.74,1.01,Healthcare,Medical Instruments & Supplies,1119225600.0,39691251.0,0.001,0.739,,['ROBINHOOD'],,True
CETY,3.0,0.8180000185966492,0.13,-14.79,2.2,Industrials,Specialty Industrial Machinery,9951875.0,4434334.0,0.00090000004,2.289,,['FIDELITY OTHER'],,True
PHOE,3.0,18.0,0.135,20.97,5.25,Industrials,Engineering & Construction,388800000.0,5500008.0,0.00059999997,-0.073,,['ROBINHOOD'],,True
HL,3.0,20.56999969482422,0.647,10.41,1.5,Basic Materials,Other Precious Metals & Mining,13796553728.0,662355326.0,0.0,1.004,10.0,['ROBINHOOD'],,True
BTQ,3.0,3.200000047683716,0.226,19.85,1.09,Technology,Software - Infrastructure,452194976.0,89259049.0,,-1.0,1.0,['FIDELITY QUANTUM/BIOTECH'],,True
CCJ,3.0,116.91000366210938,0.872,7.64,1.03,Energy,Uranium,50918162432.0,434461568.0,,0.071,9.0,"['FIDELITY NUCLEAR/ENERGY', 'FIDELITY WOLFPACKALL']",,True
GTBIF,3.0,7.769999980926514,0.801,21.79,0.77,Healthcare,Drug Manufacturers - Specialty & Generic,1758999168.0,157023521.0,,0.074,3.0,['FIDELITY MOVERS'],,True
OBAI,3.0,0.5848000049591064,0.018,-59.95,0.34,Technology,Software - Infrastructure,12089678.0,10806494.0,,0.07,,['ROBINHOOD'],,True
UROY,3.0,4.199999809265137,0.769,15.07,1.51,Energy,Uranium,615688512.0,125387676.0,,4164.0,1.0,['FIDELITY NUCLEAR/ENERGY'],,True
BIRD,2.0,5.139999866485596,0.303,70.76,0.04,Consumer Cyclical,Apparel Retail,45032448.0,5761040.0,0.21040002,-0.146,,['FIDELITY OTHER'],,True
SKIL,2.0,7.730000019073486,0.333,80.19,0.43,Consumer Defensive,Education & Training Services,69222744.0,4477712.0,0.2007,-0.023,,['FIDELITY MOVERS'],,True
FFAI,2.0,0.4108999967575073,0.137,49.42,0.28,Consumer Cyclical,Auto Manufacturers,124733448.0,243238694.0,0.1727,-0.451,1.0,['FIDELITY OTHER'],,True
IMO,2.0,133.32000732421875,0.995,1.91,0.89,Energy,Oil & Gas Integrated,66291773440.0,146886451.0,0.1696,-0.004,1.0,['ROBINHOOD'],,True
IREN,2.0,56.560001373291016,0.74,64.99,2.02,Financial Services,Capital Markets,20213338112.0,327855622.0,0.16870001,-0.0,13.0,"['ROBINHOOD', 'FIDELITY AI INFRASTRUCTURE']",,True
GRCE,2.0,2.3299999237060547,0.454,-49.68,0.44,Healthcare,Biotechnology,36054480.0,11613875.0,0.1673,,2.0,['FIDELITY WOLFPACKALL'],,True
TDOC,2.0,6.760000228881836,0.715,24.04,1.04,Healthcare,Health Information Services,1220268544.0,179222418.0,0.16549999,-0.025,21.0,['ROBINHOOD'],,True
GME,2.0,22.399999618530273,0.64,-2.78,1.16,Consumer Cyclical,Specialty Retail,10043603968.0,408214194.0,0.1512,-0.139,,['FIDELITY MOVERS'],,True
RIVN,2.0,13.949999809265137,0.621,-7.31,0.99,Consumer Cyclical,Auto Manufacturers,18732986368.0,785038619.0,0.1409,0.114,26.0,['ROBINHOOD'],,True
CAVA,2.0,77.25,0.775,-4.51,1.33,Consumer Cyclical,Restaurants,8992857088.0,104617792.0,0.1378,0.209,26.0,['FIDELITY MOVERS'],,True
LITE,2.0,992.3699951171875,0.942,41.21,1.33,Technology,Communication Equipment,77206388736.0,71090550.0,0.1342,0.901,24.0,"['FIDELITY SEMICONDUCTORS', 'FIDELITY AI INFRASTRUCTURE']",,True
CENX,2.0,63.27000045776367,0.931,7.8,1.12,Basic Materials,Aluminum,6262088192.0,86040119.0,0.1191,0.024,3.0,['FIDELITY WOLFPACKALL'],,True
DNA,2.0,8.34000015258789,0.517,36.05,1.42,Healthcare,Biotechnology,544806272.0,47711702.0,0.118599996,-0.491,2.0,['FIDELITY QUANTUM/BIOTECH'],,True
ARM,2.0,207.9199981689453,0.876,37.44,1.63,Technology,Semiconductors,221226582016.0,138325500.0,0.1141,0.201,36.0,['FIDELITY SEMICONDUCTORS'],,True
ARQQ,2.0,14.399999618530273,0.247,8.68,1.44,Technology,Software - Infrastructure,225386768.0,5323354.0,0.111999996,,1.0,['FIDELITY QUANTUM/BIOTECH'],,True
MRNO,2.0,0.27649998664855957,0.025,-31.22,2.63,Real Estate,Real Estate - Development,21930780.0,1349131.0,0.103,0.239,,['FIDELITY AI INFRASTRUCTURE'],,True
MVST,2.0,1.409999966621399,0.22,-6.0,2.27,Consumer Cyclical,Auto Parts,468166464.0,204631928.0,0.1028,-0.48,1.0,['ROBINHOOD'],,True
ALAB,2.0,204.4199981689453,0.812,86.51,1.05,Technology,Semiconductors,35039211520.0,141372126.0,0.1008,0.934,22.0,['FIDELITY SEMICONDUCTORS'],,True
KYTX,2.0,10.229999542236328,0.909,18.54,0.62,Healthcare,Biotechnology,619224832.0,35152274.0,0.1005,,5.0,"['ROBINHOOD', 'FIDELITY QUANTUM/BIOTECH']",,True
WDC,2.0,488.739990234375,0.947,80.69,1.03,Technology,Computer Hardware,168459943936.0,342296931.0,0.0954,0.455,22.0,"['ROBINHOOD', 'FIDELITY SEMICONDUCTORS']",,True
FSLR,2.0,228.05999755859375,0.801,15.61,1.22,Technology,Solar,24505812992.0,101575664.0,0.0942,0.236,29.0,['FIDELITY MOVERS'],,True
SIDU,2.0,3.319999933242798,0.558,43.1,0.76,Industrials,Aerospace & Defense,268471328.0,66420072.0,0.08979999,-0.29,1.0,"['ROBINHOOD', 'FIDELITY DEFENSE/SPACE']",,True
TMDE,2.0,1.0199999809265137,0.252,-8.11,0.07,Energy,Oil & Gas Midstream,24036300.0,4155452.0,0.0885,-0.227,,['FIDELITY NUCLEAR/ENERGY'],"{'shares': 500, 'broker': 'Fidelity', 'pl_pct': -46}",True
WKHS,2.0,3.4200000762939453,0.064,13.25,1.56,Consumer Cyclical,Auto Manufacturers,37254824.0,3820050.0,0.086899996,0.637,1.0,['FIDELITY OTHER'],,True
AQMS,2.0,4.880000114440918,0.165,14.02,1.05,Industrials,Waste Management,16385381.0,3024925.0,0.0866,,1.0,['ROBINHOOD'],,True
GHRS,2.0,21.540000915527344,0.96,53.2,0.83,Healthcare,Biotechnology,1476721664.0,22801385.0,0.08,,8.0,['ROBINHOOD'],,True
INDO,2.0,3.130000114440918,0.464,-9.01,0.72,Energy,Oil & Gas E&P,48160812.0,9776798.0,0.0746,-0.23,,['FIDELITY WOLFPACKALL'],,True
MOD,2.0,276.0199890136719,0.969,27.37,1.1,Consumer Cyclical,Auto Parts,14554864640.0,51898044.0,0.0699,0.305,7.0,['FIDELITY AI INFRASTRUCTURE'],,True
GSAT,2.0,82.66999816894531,1.0,24.47,0.63,Communication Services,Telecom Services,10646980608.0,51681710.0,0.069299996,0.167,3.0,['FIDELITY DEFENSE/SPACE'],,True
IVF,2.0,1.5850000381469727,0.006,-41.73,1.41,Healthcare,Medical Devices,2560439.0,349691.0,0.065,0.226,1.0,['FIDELITY MOVERS'],,True
XPEV,2.0,16.173900604248047,0.576,-5.47,1.01,Consumer Cyclical,Auto Manufacturers,15458216960.0,1417686019.0,0.065,0.382,26.0,['FIDELITY MOVERS'],,True
BEN,2.0,31.68000030517578,1.0,34.12,0.72,Financial Services,Asset Management,16462105600.0,302278134.0,0.0619,0.087,11.0,['ROBINHOOD'],,True
CF,2.0,130.41000366210938,0.948,0.44,1.03,Basic Materials,Agricultural Inputs,20034795520.0,152492417.0,0.0616,0.194,19.0,['FIDELITY WOLFPACKALL'],,True
COHR,2.0,374.1000061035156,0.985,57.05,1.46,Technology,Scientific & Technical Instruments,73188671488.0,194089858.0,0.060900003,0.205,21.0,['FIDELITY SEMICONDUCTORS'],,True
CGC,2.0,1.090000033378601,0.565,14.86,0.47,Healthcare,Drug Manufacturers - Specialty & Generic,489497760.0,377579237.0,0.060399998,-0.003,1.0,['FIDELITY MOVERS'],,True
IRDM,2.0,41.65999984741211,0.96,50.18,0.81,Communication Services,Telecom Services,4404617728.0,93092221.0,0.06,0.019,7.0,['FIDELITY DEFENSE/SPACE'],,True
NAT,2.0,5.824999809265137,0.943,-0.6,0.58,Energy,Oil & Gas Midstream,1233447552.0,200551170.0,0.053000003,-0.014,2.0,['FIDELITY WOLFPACKALL'],,True
BMNR,2.0,21.68000030517578,0.161,9.61,0.91,Financial Services,Capital Markets,12348426240.0,529618150.0,0.0511,6.278,2.0,['ROBINHOOD'],,True
REI,2.0,1.774999976158142,0.896,16.01,1.0,Energy,Oil & Gas E&P,371701312.0,186466310.0,0.0505,-0.024,1.0,['FIDELITY WOLFPACKALL'],,True
NVVE,2.0,0.3700000047683716,0.006,-44.36,0.49,Consumer Cyclical,Specialty Retail,1965404.0,5036004.0,0.049099997,0.092,,['ROBINHOOD'],,True
STX,2.0,808.7949829101562,0.97,106.45,1.12,Technology,Computer Hardware,181355282432.0,223509217.0,0.044099998,0.441,22.0,"['ROBINHOOD', 'FIDELITY SEMICONDUCTORS']",,True
HOOD,2.0,78.2699966430664,0.513,12.94,0.67,Financial Services,Capital Markets,70482526208.0,783637511.0,0.0423,0.151,24.0,['ROBINHOOD'],,True
RGR,2.0,38.150001525878906,0.809,-4.84,1.33,Industrials,Aerospace & Defense,608273280.0,13895895.0,0.0398,0.041,2.0,['FIDELITY MOVERS'],,True
AVD,2.0,2.930000066757202,0.504,17.67,1.09,Basic Materials,Agricultural Inputs,83815280.0,26717906.0,0.0395,0.067,,['FIDELITY AI INFRASTRUCTURE'],,True
MRVL,2.0,164.5,0.956,66.08,0.79,Technology,Semiconductors,143848374272.0,870575482.0,0.0381,0.221,39.0,"['ROBINHOOD', 'FIDELITY SEMICONDUCTORS']",,True
JAN,2.0,26.950000762939453,0.965,14.34,0.92,Real Estate,REIT - Residential,7091643904.0,,0.0377,,11.0,['FIDELITY WOLFPACKALL'],,True
PSTG,2.0,87.33999633789062,0.885,53.25,1.59,Technology,Computer Hardware,22405251072.0,312523511.0,0.037100002,,19.0,['FIDELITY AI INFRASTRUCTURE'],,True
DSX,2.0,2.890000104904175,1.0,15.6,1.68,Industrials,Marine Shipping,357035456.0,61433234.0,0.0364,-0.088,1.0,['ROBINHOOD'],,True
PWR,2.0,766.3499755859375,0.976,39.59,1.28,Industrials,Engineering & Construction,114998591488.0,148697603.0,0.036,0.263,24.0,['FIDELITY AI INFRASTRUCTURE'],,True
VRT,2.0,367.1600036621094,0.998,46.52,1.03,Industrials,Electrical Equipment & Parts,141029392384.0,377836319.0,0.035,0.301,25.0,['FIDELITY AI INFRASTRUCTURE'],,True
MU,2.0,766.5800170898438,0.964,126.91,1.33,Technology,Semiconductors,864498352128.0,1123583990.0,0.033099998,1.963,42.0,"['ROBINHOOD', 'FIDELITY SEMICONDUCTORS']",,True
PDD,2.0,95.7300033569336,0.693,-6.31,1.1,Consumer Cyclical,Internet Retail,136261746688.0,3113822100.0,0.032899998,0.12,33.0,['FIDELITY MOVERS'],,True
FTNT,2.0,113.87000274658203,0.986,39.34,1.56,Technology,Software - Infrastructure,83426672640.0,617644573.0,0.031600002,0.201,36.0,['FIDELITY CYBERSECURITY'],,True
PANW,2.0,215.60000610351562,0.974,34.48,1.2,Technology,Software - Infrastructure,174851604480.0,809153760.0,0.0313,0.149,50.0,['FIDELITY CYBERSECURITY'],,True
NET,2.0,186.94000244140625,0.728,-9.4,1.75,Technology,Software - Infrastructure,66076979200.0,317405620.0,0.030299999,0.335,31.0,"['ROBINHOOD', 'FIDELITY CYBERSECURITY']",,True
CRWD,2.0,546.1799926757812,0.98,39.9,1.09,Technology,Software - Infrastructure,139022761984.0,249036356.0,0.0297,0.233,51.0,['FIDELITY CYBERSECURITY'],,True
GEV,2.0,1073.030029296875,0.933,22.93,0.89,Industrials,Specialty Industrial Machinery,288344637440.0,268174493.0,0.0294,0.163,32.0,"['ROBINHOOD', 'FIDELITY AI INFRASTRUCTURE']",,True
TOPS,2.0,1.684999942779541,0.175,-45.65,2.14,Energy,Oil & Gas Midstream,9268881.0,1790801.0,0.0287,-0.169,,['FIDELITY WOLFPACKALL'],,True
UBER,2.0,76.40499877929688,0.763,6.22,1.43,Technology,Software - Application,155529936896.0,2023914675.0,0.028499998,0.145,51.0,['ROBINHOOD'],,True
INTC,2.0,120.61000061035156,0.932,173.31,1.19,Technology,Semiconductors,606185848832.0,5016752160.0,0.0276,0.072,42.0,"['ROBINHOOD', 'FIDELITY SEMICONDUCTORS']","{'shares': 3, 'broker': 'Fidelity', 'pl_pct': None}",True
KLAC,2.0,1811.3499755859375,0.936,23.02,1.26,Technology,Semiconductor Equipment & Materials,236612157440.0,130320546.0,0.0272,0.115,29.0,['FIDELITY SEMICONDUCTORS'],,True
LRCX,2.0,289.239990234375,0.973,35.37,1.09,Technology,Semiconductor Equipment & Materials,361715138560.0,1245506187.0,0.0255,0.238,32.0,['FIDELITY SEMICONDUCTORS'],,True
SNPS,2.0,513.2100219726562,0.795,29.44,0.95,Technology,Software - Infrastructure,98311553024.0,190479702.0,0.0254,0.655,26.0,['FIDELITY SEMICONDUCTORS'],,True
PCAR,2.0,113.02999877929688,0.873,-2.14,0.85,Industrials,Farm & Heavy Construction Machinery,59486134272.0,515934179.0,0.0252,-0.089,17.0,['ROBINHOOD'],,True
FIX,2.0,2016.719970703125,0.992,46.25,0.95,Industrials,Engineering & Construction,70993428480.0,35918708.0,0.025,0.01,5.0,['FIDELITY AI INFRASTRUCTURE'],,True
CDNS,2.0,358.0400085449219,0.959,28.85,0.91,Technology,Software - Application,98753159168.0,274494841.0,0.023,0.187,26.0,['FIDELITY SEMICONDUCTORS'],,True
AMD,2.0,448.2900085449219,0.977,120.37,1.27,Technology,Semiconductors,730981924864.0,1621713866.0,0.0223,0.378,48.0,"['ROBINHOOD', 'FIDELITY SEMICONDUCTORS']",,True
GSM,2.0,4.010000228881836,0.721,-2.67,1.65,Basic Materials,Other Industrial Metals & Mining,749310720.0,103497048.0,0.0222,0.132,1.0,['FIDELITY WOLFPACKALL'],,True
ETN,2.0,401.5,0.927,12.25,1.2,Industrials,Specialty Industrial Machinery,155875262464.0,387670954.0,0.020499999,0.168,28.0,['FIDELITY AI INFRASTRUCTURE'],,True
RECT,2.0,1.2999999523162842,0.26,8.33,0.01,Consumer Cyclical,Specialty Retail,18850000.0,6385945.0,0.0202,0.108,,['ROBINHOOD'],,True
CPSH,2.0,4.269999980926514,0.669,14.17,1.21,Technology,Electronic Components,76889736.0,13269151.0,0.0194,-0.064,1.0,['ROBINHOOD'],,True
HOWL,2.0,0.6320000290870667,0.289,-24.13,2.13,Healthcare,Biotechnology,30713190.0,41233427.0,0.018099999,,3.0,['FIDELITY WOLFPACKALL'],,True
BSX,2.0,54.14500045776367,0.501,-13.71,1.09,Healthcare,Medical Devices,80478699520.0,1482059613.0,0.0173,0.116,32.0,['ROBINHOOD'],"{'shares': 3, 'broker': 'Robinhood', 'pl_pct': None}",True
ANET,2.0,142.56500244140625,0.802,16.11,2.16,Technology,Computer Hardware,179513491456.0,1042544195.0,0.0166,0.351,26.0,['FIDELITY SEMICONDUCTORS'],,True
CSCO,2.0,99.29000091552734,1.0,27.97,1.37,Technology,Communication Equipment,392184889344.0,3943336220.0,0.0156,0.097,22.0,['FIDELITY SEMICONDUCTORS'],,True
LMT,2.0,521.2100219726562,0.77,-13.76,1.0,Industrials,Aerospace & Defense,120172068864.0,196537031.0,0.0128999995,0.003,20.0,"['ROBINHOOD', 'FIDELITY DEFENSE/SPACE']",,True
NVDA,2.0,220.77999877929688,1.0,26.59,1.07,Technology,Semiconductors,5366057795584.0,23321682000.0,0.012200001,0.732,57.0,"['ROBINHOOD', 'FIDELITY SEMICONDUCTORS']",,True
GD,2.0,346.67999267578125,0.94,1.01,0.94,Industrials,Aerospace & Defense,93752729600.0,254353746.0,0.0111,0.103,21.0,['FIDELITY DEFENSE/SPACE'],,True
AVGO,2.0,419.29998779296875,0.975,35.47,0.95,Technology,Semiconductors,1985246396416.0,4675721565.0,0.011,0.295,42.0,"['ROBINHOOD', 'FIDELITY SEMICONDUCTORS']",,True
MSFT,2.0,407.7699890136719,0.752,10.16,0.97,Technology,Software - Infrastructure,3029092794368.0,7417589189.0,0.0107,0.183,54.0,['ROBINHOOD'],,True
RTX,2.0,178.9199981689453,0.843,-7.25,1.1,Industrials,Aerospace & Defense,240948592640.0,1252509856.0,0.0099,0.087,22.0,['FIDELITY DEFENSE/SPACE'],,True
ATPC,2.0,2.240000009536743,0.02,-14.83,1.05,Consumer Defensive,Packaged Foods,2241402.0,433301.0,0.0097,0.109,,['FIDELITY OTHER'],,True
GAUZ,2.0,0.925000011920929,0.097,21.07,5.26,Technology,Electronic Components,17337402.0,11306797.0,0.0095,-0.178,,['FIDELITY OTHER'],,True
SNDL,2.0,1.409999966621399,0.501,6.82,0.85,Consumer Defensive,Beverages - Wineries & Distilleries,367022976.0,214845702.0,0.0081,-0.044,2.0,"['ROBINHOOD', 'FIDELITY MOVERS']",,True
NTR,2.0,71.97000122070312,0.857,-4.62,1.36,Basic Materials,Agricultural Inputs,34547294208.0,479322714.0,0.0077,0.19,20.0,['FIDELITY WOLFPACKALL'],,True
MXC,2.0,9.5,0.625,-7.05,0.76,Energy,Oil & Gas E&P,19437000.0,844139.0,0.0038,-0.268,,['FIDELITY WOLFPACKALL'],,True
PAVM,2.0,6.360000133514404,0.29,-37.34,1.49,Healthcare,Medical Devices,46254620.0,1696366.0,0.0033000002,4.2,2.0,['ROBINHOOD'],,True
XBIO,2.0,3.024600028991699,0.292,12.86,0.63,Healthcare,Biotechnology,6929528.0,1777905.0,0.0033000002,0.181,,['ROBINHOOD'],,True
BA,2.0,236.8699951171875,0.939,19.01,1.13,Industrials,Aerospace & Defense,186725171200.0,756423385.0,0.002,0.14,25.0,['ROBINHOOD'],,True
EZGO,2.0,0.03189999982714653,0.003,-97.46,5.95,Consumer Cyclical,Recreational Vehicles,666223.0,,0.0018000001,0.219,,['ROBINHOOD'],,True
GCL,2.0,0.4699999988079071,0.114,-20.34,0.75,Communication Services,Electronic Gaming & Multimedia,57683500.0,33522705.0,0.0016,0.939,,['FIDELITY OTHER'],,True
MSC,2.0,2.4000000953674316,0.465,-1.23,0.67,Consumer Cyclical,Resorts & Casinos,462211648.0,68068365.0,0.0004,0.049,,['FIDELITY OTHER'],,True
NEE,2.0,94.5999984741211,0.966,1.85,0.86,Utilities,Utilities - Regulated Electric,197273305088.0,2080983092.0,0.0001,0.073,22.0,['FIDELITY NUCLEAR/ENERGY'],,True
ACB,2.0,3.359999895095825,0.539,2.75,0.54,Healthcare,Drug Manufacturers - Specialty & Generic,198665376.0,56433249.0,,0.068,1.0,"['ROBINHOOD', 'FIDELITY MOVERS']",,True
B,2.0,45.869998931884766,0.866,12.45,1.5,Basic Materials,Gold,77040427008.0,1662659063.0,,0.667,15.0,['ROBINHOOD'],,True
BDRBF,2.0,197.55999755859375,0.909,11.72,0.73,Industrials,Aerospace & Defense,19489894400.0,86529568.0,,0.051,1.0,['ROBINHOOD'],,True
CURLF,2.0,3.8499999046325684,0.819,79.91,0.72,Healthcare,Drug Manufacturers - Specialty & Generic,3049889792.0,678271775.0,,0.057,2.0,['FIDELITY MOVERS'],,True
DNN,2.0,3.700000047683716,0.847,4.82,1.06,Energy,Uranium,3349379072.0,899957084.0,,0.044,2.0,"['FIDELITY NUCLEAR/ENERGY', 'FIDELITY WOLFPACKALL']",,True
FSM,2.0,10.819999694824219,0.792,8.96,1.29,Basic Materials,Gold,3295310592.0,299718773.0,,0.756,1.0,['ROBINHOOD'],,True
HTHIY,2.0,31.110000610351562,0.815,6.87,0.75,Industrials,Conglomerates,139987599360.0,4355881716.0,,0.113,1.0,['ROBINHOOD'],,True
NXE,2.0,12.324999809265137,0.885,6.25,1.32,Energy,Uranium,8157725184.0,639817194.0,,,1.0,['FIDELITY NUCLEAR/ENERGY'],,True
UA,2.0,4.894999980926514,0.621,-15.46,1.25,Consumer Cyclical,Apparel Manufacturing,2084731648.0,302381901.0,,-0.052,,['ROBINHOOD'],,True
WPM,2.0,142.78599548339844,0.862,8.99,1.17,Basic Materials,Gold,64842702848.0,453166885.0,,0.916,10.0,['ROBINHOOD'],,True
SAVA,1.0,1.284999966621399,0.277,-20.68,1.14,Healthcare,Biotechnology,114972800.0,42984366.0,0.1489,,1.0,['FIDELITY MOVERS'],,True
FLNA,1.0,1.2000000476837158,0.259,-28.99,1.06,Healthcare,Biotechnology,57969476.0,45050011.0,0.1464,,1.0,['ROBINHOOD'],,True
COIN,1.0,207.63999938964844,0.495,18.92,1.06,Financial Services,Financial Data & Stock Exchanges,54704992256.0,219357434.0,0.118,-0.308,28.0,['ROBINHOOD'],,True
FC,1.0,21.389999389648438,0.885,35.47,0.38,Consumer Defensive,Education & Training Services,241117568.0,9156832.0,0.117,0.001,3.0,['ROBINHOOD'],,True
CYPH,1.0,1.0700000524520874,0.36,34.59,1.98,Financial Services,Asset Management,104516248.0,74001038.0,0.1166,,,['ROBINHOOD'],,True
EDIT,1.0,2.930000066757202,0.706,18.62,0.82,Healthcare,Biotechnology,286865408.0,97636061.0,0.1025,-0.392,9.0,['FIDELITY QUANTUM/BIOTECH'],,True
ON,1.0,104.11000061035156,0.971,68.14,1.24,Technology,Semiconductors,40801042432.0,390210169.0,0.102,0.047,29.0,['FIDELITY SEMICONDUCTORS'],,True
EFOI,1.0,4.039999961853027,0.622,110.42,0.02,Consumer Cyclical,"Furnishings, Fixtures & Appliances",25465870.0,2654630.0,0.1003,-0.237,,['ROBINHOOD'],,True
FATE,1.0,2.25,0.926,87.5,1.61,Healthcare,Biotechnology,261633824.0,102171165.0,0.1,-0.264,8.0,['FIDELITY QUANTUM/BIOTECH'],,True
CUE,1.0,29.260000228881836,0.819,324.06,0.25,Healthcare,Biotechnology,95251808.0,2908175.0,0.089099996,12.923,1.0,['ROBINHOOD'],,True
NIO,1.0,6.090000152587891,0.772,1.0,0.67,Consumer Cyclical,Auto Manufacturers,15259512832.0,1895456607.0,0.0723,0.759,23.0,"['ROBINHOOD', 'FIDELITY MOVERS']",,True
ARTL,1.0,2.4000000953674316,0.028,-68.34,0.06,Healthcare,Biotechnology,5238096.0,644698.0,0.066700004,,,['FIDELITY OTHER'],,True
ROKU,1.0,127.62999725341797,0.985,34.89,0.8,Communication Services,Entertainment,18850152448.0,130140681.0,0.064899996,0.224,27.0,['ROBINHOOD'],,True
TIL,1.0,8.100000381469727,0.216,-1.7,1.39,Healthcare,Biotechnology,54934016.0,3210520.0,0.0647,,1.0,['FIDELITY WOLFPACKALL'],,True
SQFT,1.0,3.069999933242798,0.226,32.33,0.05,Real Estate,REIT - Diversified,4425954.0,922642.0,0.060700003,-0.147,,['ROBINHOOD'],,True
QCOM,1.0,210.30999755859375,0.885,63.31,1.91,Technology,Semiconductors,221666738176.0,1051723360.0,0.052600004,-0.035,31.0,"['ROBINHOOD', 'FIDELITY SEMICONDUCTORS']",,True
ISPR,1.0,1.7100000381469727,0.465,-7.07,1.51,Consumer Defensive,Tobacco,97965672.0,19658145.0,0.0517,-0.287,1.0,['ROBINHOOD'],,True
CNSP,1.0,6.119999885559082,0.375,156.07,0.09,Healthcare,Biotechnology,4966068.0,716785.0,0.048600003,,1.0,['ROBINHOOD'],,True
CELU,1.0,0.7764999866485596,0.187,-41.62,1.08,Healthcare,Biotechnology,22476538.0,18817190.0,0.041300002,-0.774,,['ROBINHOOD'],,True
LI,1.0,18.739999771118164,0.589,5.1,1.07,Consumer Cyclical,Auto Manufacturers,19127248896.0,1153134279.0,0.041100003,-0.35,27.0,['FIDELITY MOVERS'],,True
PDC,1.0,6.989999771118164,0.71,41.21,0.39,Technology,Software - Application,21323484.0,5392950.0,0.039,-0.449,,['ROBINHOOD'],,True
IFRX,1.0,2.430000066757202,0.917,171.81,3.21,Healthcare,Biotechnology,175671648.0,60014640.0,0.0332,,7.0,['FIDELITY OTHER'],,True
SNYR,1.0,0.3091000020503998,0.078,-76.04,0.56,Healthcare,Medical Distribution,4605554.0,4904290.0,0.028299998,-0.41,2.0,['ROBINHOOD'],,True
TEVA,1.0,35.83000183105469,0.986,18.96,1.13,Healthcare,Drug Manufacturers - Specialty & Generic,41721421824.0,1083196546.0,0.0257,0.023,11.0,['ROBINHOOD'],,True
BIOX,1.0,0.45100000500679016,0.087,1.35,0.72,Basic Materials,Agricultural Inputs,28780968.0,39533335.0,0.0235,-0.164,,['FIDELITY AI INFRASTRUCTURE'],,True
TSLA,1.0,433.45001220703125,0.885,16.6,0.97,Consumer Cyclical,Auto Manufacturers,1627918565376.0,2815929087.0,0.023,0.158,41.0,"['ROBINHOOD', 'FIDELITY MOVERS']",,True
AA,1.0,67.63999938964844,0.923,1.97,0.91,Basic Materials,Aluminum,17849509888.0,262887093.0,0.0227,-0.052,13.0,['FIDELITY WOLFPACKALL'],,True
TIVC,1.0,1.1100000143051147,0.249,30.59,2.25,Healthcare,Medical Devices,4029097.0,2516113.0,0.0225,,,['FIDELITY OTHER'],,True
SHPH,1.0,0.656499981880188,0.113,-3.31,0.21,Healthcare,Drug Manufacturers - Specialty & Generic,3670681.0,5563837.0,0.0212,,,['ROBINHOOD'],,True
EQIX,1.0,1080.6300048828125,0.969,10.24,0.94,Real Estate,REIT - Specialty,106576322560.0,98240600.0,0.0211,0.121,28.0,['FIDELITY AI INFRASTRUCTURE'],,True
AMAT,1.0,431.20001220703125,0.972,26.16,1.28,Technology,Semiconductor Equipment & Materials,342204579840.0,790133856.0,0.0201,-0.021,34.0,['FIDELITY SEMICONDUCTORS'],,True
FCX,1.0,66.03500366210938,0.939,12.34,0.93,Basic Materials,Copper,94927347712.0,1429293896.0,0.0197,0.088,21.0,['FIDELITY MINERALS'],,True
ISRG,1.0,431.8699951171875,0.728,-6.32,1.12,Healthcare,Medical Instruments & Supplies,152952307712.0,351967032.0,0.019,0.23,30.0,['ROBINHOOD'],,True
PBM,1.0,5.570000171661377,0.012,126.42,0.02,Healthcare,Biotechnology,12773720.0,292594.0,0.0182,,,['ROBINHOOD'],,True
AMT,1.0,178.81500244140625,0.77,3.61,0.91,Real Estate,REIT - Specialty,83308666880.0,464490731.0,0.016900001,0.068,22.0,['FIDELITY AI INFRASTRUCTURE'],,True
RGC,1.0,26.350000381469727,0.338,3.62,1.04,Healthcare,Drug Manufacturers - Specialty & Generic,13029782528.0,55407482.0,0.015,,,['FIDELITY MOVERS'],,True
CVS,1.0,95.16999816894531,1.0,32.51,1.45,Healthcare,Healthcare Plans,121429999616.0,1273324415.0,0.014400001,0.061,26.0,['ROBINHOOD'],,True
GV,1.0,0.2709999978542328,0.097,1.5,0.57,Consumer Defensive,Education & Training Services,1519591.0,3955423.0,0.0135,-0.617,,['ROBINHOOD'],,True
LIN,1.0,503.8699951171875,0.987,1.64,0.91,Basic Materials,Specialty Chemicals,232962932736.0,460934181.0,0.013300001,0.082,25.0,['ROBINHOOD'],,True
META,1.0,603.0,0.763,5.4,0.87,Communication Services,Internet Content & Information,1530669301760.0,2192766203.0,0.013200001,0.331,58.0,['ROBINHOOD'],,True
GOOGL,1.0,387.3500061035156,0.966,34.7,0.96,Communication Services,Internet Content & Information,4692917092352.0,10853633960.0,0.012999999,0.218,52.0,['ROBINHOOD'],,True
MCD,1.0,274.8999938964844,0.806,-11.55,1.51,Consumer Cyclical,Restaurants,195318054912.0,709504046.0,0.012999999,0.094,33.0,['ROBINHOOD'],,True
NOC,1.0,557.9099731445312,0.726,-18.22,0.91,Industrials,Aerospace & Defense,79241887744.0,141655667.0,0.012,0.044,22.0,"['ROBINHOOD', 'FIDELITY DEFENSE/SPACE']",,True
PG,1.0,143.92999267578125,0.847,-0.35,0.91,Consumer Defensive,Household & Personal Products,335155232768.0,2324407500.0,0.0117999995,0.074,22.0,['ROBINHOOD'],,True
JPM,1.0,305.0199890136719,0.912,3.69,1.04,Financial Services,Banks - Diversified,817304502272.0,2665283212.0,0.0101,0.127,22.0,['ROBINHOOD'],,True
AMZN,1.0,265.82000732421875,0.967,27.63,0.8,Consumer Cyclical,Internet Retail,2859454955520.0,9777889764.0,0.0093,0.166,62.0,['ROBINHOOD'],,True
LLY,1.0,989.8099975585938,0.892,7.61,1.02,Healthcare,Drug Manufacturers - General,882654511104.0,889351539.0,0.0091,0.555,29.0,['ROBINHOOD'],,True
CVU,1.0,3.890000104904175,0.804,-0.77,0.58,Industrials,Aerospace & Defense,51385612.0,10792696.0,0.0061000003,-0.108,,['FIDELITY AI INFRASTRUCTURE'],,True
KFFB,1.0,4.2179999351501465,0.847,-1.91,2.52,Financial Services,Banks - Regional,34109768.0,3030335.0,0.0038,0.278,,['ROBINHOOD'],,True
UPC,1.0,2.5999999046325684,0.275,-5.45,1.27,Healthcare,Drug Manufacturers - Specialty & Generic,1464678.0,559873.0,0.0014,-0.141,,['ROBINHOOD'],,True
TM,1.0,181.60000610351562,0.731,-11.88,1.33,Consumer Cyclical,Auto Manufacturers,215033544704.0,9737893210.0,0.00059999997,0.019,4.0,['ROBINHOOD'],,True
ALB,1.0,205.4600067138672,0.953,14.44,1.34,Basic Materials,Specialty Chemicals,24230852608.0,117534853.0,0.0004,0.327,22.0,"['ROBINHOOD', 'FIDELITY MINERALS']",,True
BAC,1.0,50.79999923706055,0.887,4.21,0.92,Financial Services,Banks - Diversified,360506818560.0,7069268777.0,0.0,0.081,23.0,['ROBINHOOD'],,True
DLR,1.0,195.25,0.958,8.35,0.8,Real Estate,REIT - Specialty,69840740352.0,329010961.0,0.0,0.167,29.0,['FIDELITY AI INFRASTRUCTURE'],,True
MS,1.0,191.89500427246094,0.992,16.6,0.96,Financial Services,Capital Markets,302673100800.0,1196338988.0,0.0,0.163,21.0,['ROBINHOOD'],,True
BMNU,1.0,1.9735000133514404,0.05,11.81,0.98,,,,,,,,['ROBINHOOD'],,True
STCE,1.0,73.13999938964844,0.677,40.71,1.44,,,,,,,,['ROBINHOOD'],,True
TGT,0.0,121.79000091552734,0.922,0.49,1.18,Consumer Defensive,Discount Stores,55314124800.0,451583065.0,0.0359,-0.015,32.0,['ROBINHOOD'],,True
BIDU,0.0,139.94000244140625,0.861,25.6,1.76,Communication Services,Internet Content & Information,47614959616.0,2127695147.0,0.026600001,-0.041,33.0,['FIDELITY MOVERS'],,True
JD,0.0,31.489999771118164,0.845,6.49,1.28,Consumer Cyclical,Internet Retail,43009691648.0,2401419497.0,0.0231,0.015,36.0,"['ROBINHOOD', 'FIDELITY MOVERS']",,True
UNH,0.0,396.510009765625,1.0,46.54,0.8,Healthcare,Healthcare Plans,360088338432.0,900470584.0,0.0186,0.02,26.0,['ROBINHOOD'],,True
BABA,0.0,134.6699981689453,0.711,7.34,1.27,Consumer Cyclical,Internet Retail,323080126464.0,17597264960.0,0.0184,0.017,41.0,['FIDELITY MOVERS'],,True
GDX,0.0,97.08999633789062,0.838,5.8,1.22,,,,,,,,['ROBINHOOD'],,True
GLD,0.0,432.95001220703125,0.873,0.62,0.85,,,,,,,,['ROBINHOOD'],,True
GOOW,0.0,78.75,0.949,36.01,1.37,,,,,,,,['ROBINHOOD'],,True
IBLC,0.0,52.47999954223633,0.795,43.62,1.37,,,,,,,,['ROBINHOOD'],,True
IVV,0.0,741.5900268554688,0.998,13.53,1.0,,,,,,,,['ROBINHOOD'],,True
MUU,0.0,568.3499755859375,0.926,372.13,1.11,,,,,,,,['FIDELITY AI INFRASTRUCTURE'],,True
QTUM,0.0,143.97999572753906,0.974,34.18,1.57,,,,,,,,['ROBINHOOD'],,True
SCHA,0.0,33.08000183105469,0.987,13.76,1.61,,,,,,,,['ROBINHOOD'],,True
SEA,0.0,17.53499984741211,0.989,3.51,0.72,,,,,,,,['ROBINHOOD'],,True
SLV,0.0,78.55000305175781,0.744,15.28,1.15,,,,,,,,"['ROBINHOOD', 'FIDELITY MOVERS']",,True
XME,0.0,123.66999816894531,0.941,14.5,1.16,,,,,,,,['ROBINHOOD'],,True
CYBR,,,,,,,,,,,,,['FIDELITY CYBERSECURITY'],,False
DVAX,,,,,,,,,,,,,['FIDELITY MOVERS'],,False
